Author,Comment,Likes,Replies,Date
"@orangefriends8901","ุงูุญูููุฉ ุฃูุง ุฌุฑุจุช ุฌุงุช ุฌุฆ ูพู ุชู ูุฌุฑุจุช ุฌููููุงู ูุฌุฑุจุช ูุฑูู ูููููุฏ ูุทุจุนุง ููุจุงูููุชุ ูุจุฏ ุฐูู ุฑุฌุนุช ุนูู ฺุงุช ุฌู ูพู ุชูุ ูู ุญุงููุง ุงูุฃูุถู ูู ูุงุญูุฉ ุฏูุฉ ุงููุนูููุฉ ูุณุฑุนุฉ ุชูุฏูููุง ูุฃูู ูุชุฐูุฑ ุชุงุฑูุฎู ูุนุงู ูุนูู ุฐูู ูุนุทูู ุงุฌุงุจุงุช ุนูู ูุนุถูุฉ ุฌุฏูุฏุฉ. ูู ูู ุงูุจุฏุงูุฉ ูุงููุง ูุณูุญูุง ุจุชูููุฏ ุงูุตูุฑุฉ ุญุณุจ ูุนุทูุงุชู ููู ุงูุฃูุฑููุงู ุฎุจุตูุง ูุซูุฑ ูู ุงูุงูุชุฎุงุจุงุช ุงูุฃุฎูุฑุฉ ูููุฏูุง ุตูุฑ ุบูุฑ ูุงููุฉ ุงุฎูุงููุง ุนู ูุงุฑูุณ ูุชุฑูุจุ ูุฐูู ุงูุดุฑูุฉ ูุฑุถุช ูููุฏ ุตุงุฑูุฉ. ุงูุขู ุจุฏุฃู ูุฎูููู ุจุนุถ ุงููููุฏ ููุณูุญูู ุจุชูููุฏ ุงูุตูุฑ ูุงููุฏูููุงุช. ุฃุชููุน ุฌููููุงู ุฑุจูุง ุฃููู ุจุชูููุฏ ุงูุตูุฑ ูุฑุจูุง ุงููุฏููุ ููู ุจุงููุณุจุฉ ูููุนูููุฉ ูุชุญููููุง ูุฅุฌุงุจุฉ ุงูุงุณุฆูุฉ ูุงูุชูุงุนู ูุน ุงูุฅูุณุงู ุงุฌุฏ ุฌุงุช ุฌุฆ ุจู ุชู ุงูุถู.",0,0,12/28/2025
"@SadiqAL-naam","ููุงุนุฉ ุงูุฐูุงุก ุงูุงุตุทูุงุนู",0,0,12/28/2025
"@hythmarc","ุณุคุงู ูุนูุด ...ูู ุงูุจู ุงูู ุงู ูููุง ุงุณูู. ุงุตูุง ุนุดุงู ุชุชุจุงุน ุงู ุชุดุชุฑู ุ",0,0,12/28/2025
"@WalidBenHamida-re3ud","ุณุชููุฌุฑ ุงูููุงุนุฉ ุนุงุฌูุง ุงู ุงุฌูุง ูุฃู ุงูุตูู ุณุชุฃุฎุฐ ุงูุตุฏุงุฑุฉ ูู ุงูุฐูุงุก ุงูุงุตุทูุงุนู",0,0,12/28/2025
"@Mrs.Samiha","ุงูุง ุจุงุณุชุฎุฏู ุฃุบูุจ ููุงุฐุฌ ุงู AI ูุงู ูู ูููุฐุฌ ุจููุชุงุฒ ุจุดูุก ูุฎุชูู ุนู ุงูุขุฎุฑ .. ูุจูุง ุงู ูู ุนุฏุฏ ูุญุฏุฏ ูู ุงูุฃุณุฆูุฉ ูู ุงูููู-  ุจูุง ุงูู ุจุงุณุชุฎุฏู ุงูููุงุฐุฌ ุงููุฌุงููุฉ - ูุทุจูุนู ุงู ุงูุชูู ููููุฐุฌ ุขุฎุฑ .",0,0,12/28/2025
"@whosasking7415","ุฅููููุงู ุฑุญ ูุฌูุจ ุนุงูููุง ูุงุทููุง ุ ุญุงูุฏ ุนูู ุณุงู ุงู..........",0,0,12/28/2025
"@whosasking7415","ู ุงููู ุฃุนูู ุฅูู ููุง ุชูุดู ูุงู ุงูุดุฑูู (ุจุฅุฐู ูุงุญุฏ ุฃุญุฏ) ุงูุญูููู ูุง ุฑุญ ุชูุฏุฑ ุชุดูููุง (ุจุฃูุซุฑ ูู ุชุฑููููู)ุ ู ุฑุญ ุชุฎูู ุดุฑูู ุซุงููู ุชุดุชุฑููุง/ ุชุฏูุฌูุง. ุฅููููุงู ุญุงูู ูุดุชุฑููุง ูุจู ููู.  ูู ูู ูุคุณุณูููุงุ",0,0,12/28/2025
"@whosasking7415","ุดูููู ูุนุฏ ุดุฑู!!! ูู ูุงุญุฏ ูุง ุนูุฏู ุดุฑู!!! ุฏูุชูุฑ ุฅูุชุง ูุงุงุงุฎุฐ ููู ูููุจ. ูู ููุงุนู ุฑุญ ุชููุน ุู ูุงู ุงูุดุฑูู ุฑุญ ุชุดุฏ ุดุฑูุงุฆูุง ุฅูู ุงูุญุถูููุถ.",0,0,12/28/2025
"@whosasking7415","ุน ููุฑูุ ุฃูุง ุฃูููุฑ ุฅูู ุฏูู ุฎููู. ุณุงู ุฎุจูููุซ ู ุฎูููููุซ. ู ูุฆููููู ููุงู. ู ุบุณุณุณุณ ุจุงูู.",0,0,12/28/2025
"@whosasking7415","ุฅุดุดุดุดููููู!!!!",0,0,12/28/2025
"@haythamdraz3364","ุงุญุณูุช ูุง ุฏูุชูุฑ ุนูู ุงูุชุญููู ุงูุฌููู",0,0,12/27/2025
"@msabahi1","ุงูุญูููุฉ ุจุชุฏุฎู ุทุจุนุง ููุฒุฉ ุงูุฃูุฑููููู ุงููุฑููุฉ ู ุงูุฌุงุฏ ุงูุญููู ุนูุฏ ุงูุฃุฒูุงุช",0,0,12/27/2025
"@mohamedhashim3081","ุฃุชููู ูู ูู ููุจู ุณููุท ูุฐู ุงูุดูุฑูุงุช ูููุงุงุงุง ูุงููุง ุฏุงุนูุฉ ููููุงู ุงููุฎุฑูู ูุงูุญุทุงุท ุงูุดุฑูุงุช ุงูุงูุฑูููุฉ",0,0,12/27/2025
"@hussein28543","โคโค",0,0,12/27/2025
"@faradjiabdelouahheb2491","ุฃุบูุจ ุงูุธู ุฃู ุณุงู ุฃูุชูุงู ุณูุฑูู ุงูุดุฑูุฉ ูู ุงุญุถุงู ุงูุฌูุด ููุชุณุจุจ ูู ุฎุฑุงุจ ุงูุนุงูู !",0,0,12/26/2025
"@faradjiabdelouahheb2491","ุณูุดูุฏ ุงูุฌูู z ูุงูุฌูู ุฃููุง ุฃูู ูุง ุฃุดุฑู ูุง ุงุจุฑุงููู ููุช ุดูุงุจุง ุงูุชุตุงุฏูุง ูุชูููุง ูู ุณูุงุก ุงููุฑู ุงููุงุญุฏ ูุงูุนุดุฑูู ูููุฑ ูู ุงุฑูุงู ุงูุณูุงุก ุจุงููุนุฑูุฉ",1,0,12/26/2025
"@esraa-hejo","ูุจุงููุณุจุฉ ูุงู ุบุฑู ุงูุจูุงูุงุช ุฏู ุจุชุณุชููู ุชูุฌ ูุนุงุฏู ุงุนูู ูู ุงูุงุณุชููุงู ุงูุนุงููู ููุนุงูู ูุด ูุฏู ูุนูู ุงุฒูุฉ ูููุฑ ูุงุฆู ุจุงููููุจ ููู ุจุชูุน ุงูุจูุฆุฉ ูู ุงูููุทุฉ ุฏู ุจูุง",0,0,12/26/2025
"@nihedayed8355","ุงุฐุง ุณูููู ุณููุท Open AI ูุฏููุง ุงูู ูุฐู ุงูุฏุฑุฌุฉ ูุญุชูุง ุงูุญูููุฉ ุงูุฃูุฑูููุฉ ุณุชุฏุนููุง ูุชุญูู ุฏูู ุฐูู ู ุฑุจูุง ูุฐุง ูู ุงูุญู ุงูุฐู ุฑุงูู ุนููู Altman .ุนูุฏูุง ุชุฃูุฏ ูู ุญุชููุฉ ุงูููุงุฑู ุงุณุชุฏุฑุฌ ูู ูุฐู ุงูุดุฑูุงุช ููุงุณุชุซูุงุฑ ุนูุฏู ุจูุจุงูุบ ุถุฎูุฉ ููููู ุชุงุซูุฑ ุณููุทู ูุคุซุฑุง ูู ุงูุงูุชุตุงุฏ ุงูุฃูุฑููู ููุณุชุฏุนู ุชุฏุฎู ุงูุญูููุฉ",0,0,12/26/2025
"@SonOfBatoot","how to bet against open AI in the stock market",0,0,12/26/2025
"@telweh3554","ุงููุดูุฉ ููุณุช ุจูุฐุง ุงูุฑุฌู ุงููุงุญุฏ ุงููุฒุนููุ ุงููุดููุฉ ูู ุงูุฃููุงู ุงูุนุฑุจูุฉ ุงูุชู ุชุถุฎ ูู ููุฒุงููุงุช ูุฐู ุงูุดุฑูุงุช. ุงููุดููุฉ ุงูุฃูุจุฑ ุฃู ูู ูุถุฎ ูุฐู ุงูุฃููุงู ูู ููู ุฅุบุชุตุจ ุซุฑูุงุช ุงูุฃูุฉ ูุนุชุจุฑุงู ุฅูุงูุง ูุฑุซ ุฃุจูู ู ุฃูู ูุฐุง ุฃุญุฏูู ( <a href=""https://www.youtube.com/watch?v=S52w5QjtW1s"">https://www.youtube.com/watch?v=S52w5QjtW1s</a> )  <br>ูุงุณุงููุดู ุณูู ู ุชูู ุงูุตููุฉ ุงูุชุฌุงุฑูุฉ ุงูุฎุงุฑูุฉ ุงูุชู ูู ูุชุฌุงูุฒ ููุชูุง ุงูุฎูุณุฉ ู ุฃุฑุจุนูู ุฏูููุฉุ ู ูุฐุง ุฃูุถุงู ุดุงูุฏู ูููุงุฆุฏุฉ ( <a href=""https://www.youtube.com/watch?v=F2SZ8c3xWRE"">https://www.youtube.com/watch?v=F2SZ8c3xWRE</a> ) ุ ู ุชุฑู ูุนุธู ุดุนุจู ูููุฑุงู ูุนูุฒุงู ูุฑูุถ ูุฑุงุก ุญูู ุงูุฑุบูู...ุงูุฐูุงุก ุงูุฅุตุทูุงุนู ูู ุฃูุจุฑ ููุงุนุฉ ุฃูุฑูููุฉ ุณูุณูุน ุตูุช ุฅููุฌุงุฑูุง ุญุชู ูู ูู ูู ุงููุจูุฑ. ุฃูุง ุงูุนููุฉ ุงูุฅูุชุฑุงุถูุฉ ูู ุงูููุงุนุฉ ุงูุชุงููุฉ ุงูุชู ุณูููุถ ูู ุฅููุฌุงุฑูุง ูู ูู ูู ุงููุจูุฑ.. ุฃูุง ุขู ุงูุขูุงู ุฃู ูุณุชููู ุถููุฑ ูู ูุชุญูู ุจุซุฑูุงุช ุงูุฃูุฉ ููููููุง ูุฐู ุงูุฃููุงู ุนูู ูุดุฑูุนุงุช ุชููุถ ุจูุง ุงูุฏูู ุงูุนุฑุจูุฉ ุจูู ุงูุฃููุ",0,0,12/25/2025
"@wjeehgame","ุฌูููุงู ุงูุฃูุถู ููุงููุช ุชุชููู ุนู ุงูููุงูุณุฉ ุจูููู ุจุงูุชูุตูู",0,0,12/25/2025
"@SKLA-cv7wx","<a href=""https://www.youtube.com/watch?v=N5ZeSKCmous&amp;t=918"">15:18</a> ูุนูู ูุนูููุงุช ุงููุงุณ ูู ุงูุฏูุนุ",0,0,12/25/2025
"@khaledal-tahtamouni383","ุงููู ูุนุทููู ุฃูู ุนุงููุฉ ูุงุฑุจ ุงูุนุงูููู๐๐น",0,0,12/25/2025
"@EKRAMAHMAD-ds8ll","ูุคูุงุก ุงููุงุณ ูุงููุง ุฏุงุฆูุง ุฎุทุฑ ุนูู ุงูุนุงูู ูููุฏ ุชูุจู ูุฎุทุฑูู ูุชูุฑ ูุซูุง",0,0,12/25/2025
"@abdullahmansour8611","ูููุณุจ ุงููููุงุฑุงุช ุจุจูุน ุงูุฏุงุชุง ุงููุถูุญูุฉ ุงููู ุงุญูุง ุจูููููุง ูุดุงุช ุฌู ุจู ุชู๐",0,0,12/25/2025
"@KarimKarim-rp7dx","ุงุญุณูุช ุงููุดุฑ ูุงููุนูููุฉ <br>ุงูุช ุจูุงุน ุงุดุทุฑ ูู ุงูุชูู ๐น๐คฒโค๏ธ",0,0,12/25/2025
"@MohamedSabry-fy4td","ุนูุจุงู ูุงุฑุจ ูุงูุดูู ุดุฑูุฉ ุนุฑุจูุฉ ุจุชุทูุน ููุงุฐุญ ุฐูุงุก ุงุตุทูุงุนู .. ุนู ููุณู ุจุณุชุฎุฏู gemini ุ ููู ูุฌุฑุฏ ููุงูุดุชู ูู ูุถุงูุง ุฃูุชูุง ุจุฌููู ุงุญุจุงุท ูู ุทุฑููุชู ูุขููุฉ ุชุนูููู",0,0,12/25/2025
"@Hub614","ุดูุฑุง ุนูู ุงููุฌููุฏ ุฌุจุงุฑ ูู ุฌูุน ุงููุนูููุงุช ูุทุฑุญูุง ููุง ุจุดูู ููููู โค",0,0,12/25/2025
"@SUN.PO.G","ุงูุฑููุง ูุตุฏุฑ ุฑุฆูุณ ูุชูููููุฌูุง ุงููุนูููุงุช ููู ุชุญูู ุงูุนุงูู ูู ุฎูุงูู ุฑูู 1ุฑูู 2 ุงูุจุชุฑูุฏููุงุฑ ุงูุงูููุงุฑ ุงูุนุธูู ูุงุฏู ุจุฃุฐู ุงููู ูู ูุงูุฑูุจุง ููุนูู ุงุณุฑุงุฆูู ูุณูุงูุงุช",0,0,12/24/2025
"@aye5519","ูุจุฏุน",0,0,12/24/2025
"@moaaz.rashidi1259","ุงูุง ูุงุญุธุช ุงูู ุญุชู ุดุงุช ุฌูุจุชู ูุฑุงุช ูุฎุทุฃ ูููุงูู ูุชููุน",0,0,12/24/2025
"@ninanana4613","ููุฑููู ุจูููู &quot;here&quot; ูุจุฏู ุงููู ูุฑูุฏูู ุงูุดุงุก ูุณุฎุฉ ูููุง ูุนููุฉ ู ููุณ ูุฌุฑุฏ ูููู ุ ู ูู ูุฐูู ูู ูููู 2049",0,0,12/24/2025
"@Yasseralerwi","ูู ูุจูู ุณูุง ุฌูุฌู ูุฃููุง ุดุฑูุฉ ุชุนุชูุฏ ุนูู ููุณูุง ูู ูู ูุง ุชุณุชุฎุฏูู",4,0,12/24/2025
"@maheralchaar4668","ุงููู ููููู",0,0,12/24/2025
"@ha7189","ุญุณุจ ุฑุฃูู ุงูุจู ุงู ุขู ุณููุฌุญ ุฑูุงููู ุงุนูู ุงูู ููุงู ูุฌููู ููู ูุฐุง ููู ุญุณุจ ุจุญุซู ูุชุญูููู ุงูู ุฎูุงู ูุงุฏู ุงูุณููู ุงูุฐูุงุก ุงูุงุตุทูุงุนู ููู ูููู ููุท ูู ุนูู ูุฌุฑุฏ ุชุณุฃูู ูุชุญุตู ุนูู ุงุฌุงุจุงุช ุงููุง ุณูููู ุดู ุงูุซุฑ ุชุนููุฏ ุจูุซูุฑ ูู ูุฐุง ููู ููู!ุ <br><br>ุณูููู ุงูุฐูุงุก ุงูุงุตุทูุงุนู ุดู ุงูุฑุจ ููุตูุน ูุฑุงุฑู ุจููุณู ููุฐุง ุงููุฑุงุฑ ุฑุจูุง ูููู ุงูุซุฑ ููุงุกุฉ ูู ุงูุจุดุฑ ุงูุถุญ ููุงูู <br><br>ูุซูุงู ูู ุงูุญุฑูุจ ุจุฏู ูู ุงุณุชููุงู ุนูุงุตุฑ ุจุดุฑูุฉ ูุฅุฑุณุงููู ููุญุฑุจ ููุชุญุฐูู ุงููุฑุงุฑ ูุงูุชูููุฑ ูุงูุชุฎุทูุท ุณูููู ุงูุฐูุงุก ุงูุงุตุทูุงุนู ุจุงูููุงุกุฉ ููู ูุนูู ููู ูุชุฎุฐ ูุฐู ุงููุฑุงุฑุงุช ูุจูู ููุท ุชุฌููุฒ ุงููุนุฏุงุช ุงูููุงุณุจุฉ ูุชุฑููุจ ุงูุฐูุงุก ุงูุงุตุทูุงุนู ุนูููุง ูุซุงู ุงูุชุฑุงุถู ุชุทุจููู <br><br>ุจุฏู ูู ุงุฑุณุงู ุฏุจุงุจุฉ ูููุฏูุง ุนูู ุงูุงูู ูค ุงุดุฎุงุต ููุญุฑุจ ูุจุฅุญุชูุงููุฉ ุฎุณุงุฑุฉ ูููุงุก ุงูุฌููุฏ ูุฃุฑูุงุญ ูุชู ุชุฌููุฒ ุฐูุงุก ุงุตุทูุงุนู ูู ูุง ูุชุญูู ุจูู ููุงุตู ูุฐู ุงูุฏุจุงุจุฉ ูุงูุชุญูู ุจูุง ุนู ุจุนุฏ ( ูุนูู ูุง ุงุชุญุฏุซ ุนูู ูู ุตูุงุนุฉ ุฑูุจูุชุงุช ุจููุงุกุฉ ุชูุงุฑุจ ุงูุจุดุฑ ุนู ุทุฑูู ุงุนุฏุงุฏ ูููุฐุฌ ูุงุฆู ุงูุฐูุงุก ูู ุงูุฐูุงุก ุงูุงุตุทูุงุนู) ููุฐุง ูุง ุณูููู ุนุงูู ุฌุฐุจ ููุฌููุด ุญูู ุงูุนุงูู ูุฎุงุตุฉ ุงูุฌูุด ุงูุงูุฑููู ูู ุถู ุงูุชูุงูุณ ุนูู ุงูููููุฉ ูุน ุงูุตูู ููุง ููุฌุฏ ุดู ูููู ุงู ุชุจุฑุฒ ุงูุฑููุง ููุณูุง ุนูู ุงูุตูู ุจู  ุบูุฑ ุตูุงุนุฉ ุฑูุจูุชุงุช ูุฑุนุจุฉ ููููุก ุชูุงูุงู ููุงุณุชุนูุงูุงุช ุงูุญุฑุจูุฉ ูู ููุง ูุณูููู ููุทูู ุงูู ูุฎุชูู ุงููุฌุงูุงุช ุฑูุจูุชุงุช ุชููู ุจุฃุนูุงู ุจุดุฑูุฉ ูุฎุชููุฉ ูุชุตููุนูุง ุจุงูุงุณุงุณ ููุชู ุญูู ููุงุกุฉ ูุชุทูุฑ ุงููููุฐุฌ ุงูุฐู ุชุนุฏู ุงูุจู ุงู ุขู ูุชุจูู ููุท ุตูุงุนุฉ ุงููุงุฑุฏููุฑ ููู ุงูุงููุฑ ุจุงูุณููู ููุฐุง ูุง ุณูููุฑ ุนููุฏ ุจุงููููุงุฑุงุช ุนูู ุงูุจู ุงู ุขู ุณูุงุก ูู ุงูุฌูุด ุงูุงูุฑููู ููุณู ุงู ูู ุดุฑูุงุช ุฎุงุตุฉ ุงุฎุฑู ูุซูุงู ุดุฑูุฉ ุชูุณูุง ูุบูุฑูุง ูู ุงูุดุฑูุงุช ููุง ุณูุนุฒุฒ ุตูุงุนุฉ ุงูุฑูุจูุชุงุช ุจุดูู ูุจูุฑ ุฏุงุฎู ุงูุฑููุง ูุงูุชูุงูุณูุฉ ุจูุฐุง ุงููุฌุงู ู ุจุงูุชุงูู ุณูุฑู ุงุณูุญุฉ ูุฑูุจูุชุงุช ููุงุณุชุนูุงู ุงูุนุณูุฑู ุงู ุบูุฑ ุงูุนุณูุฑู ุจุดูู ูุฐูู ููุง ุณูุชูุณุน ุงูุงูุฑ ุงูู ุงูุทุงุฆุฑุงุช ูุงููุฑูุจุงุช ุงููุถุงุฆูุฉ ูุบูุฑูุง ูุบูุฑูุง ุงููุซูุฑ <br><br><br>I know what am saying seems crazy and seems like scientific imagination but i am pretty sure that what everyone bet on , and if I have the opportunity to do this bet I will do it no doubt",0,1,12/24/2025
"@elwakeel_8983","ุงู AI ุจูุนูู ููุงุนุฉ ูุดุงุจูู ูููุงุนุฉ ุงู.COM  ูู ุจุฏุงูุงุช ุธููุฑ ุงูุฅูุชุฑูุช ุณุงุนุชูุง ุจุฑุฏูุง ุงูุดุฑูุงุช ูููุง ูุงูุช ุจุชูุฏ ุฃุณูุงู ุงูููุจุฑ ุนูู ุงููุงุถู ู ุงููููุงู ุฒู ุงููู ุจูุญุตู ุฏูููุชู <br>ู ุฃูุง ููุชูุน ุฃู ูุณุชุญูู ุฃู ูู ุงูุดุฑูุงุช ู ุงูููุฏูุฒ ุงูุญุงููู ุชููู ูุงุฒู ูููุช ุงูุจุนุถ ููุนูุด ุงูุจุงูู",1,0,12/24/2025
"@sfalbusmait","ุฃุฑุฌู ูู ุงููู ุชุฎุณุฑ ูุฐู ุงูุดุฑูุฉ ูู ุฃุณุฑุน ููุช ููููุงุฑ ูุฑุฃูุง ุงูุงูุชุตุงุฏ ุงูุบุฑุจู ูุง ุฑุจ๐คฒ๐ผ",0,0,12/24/2025
"@AnimalsHY","ูุนูููู ุงูุณูุงู ูุฑุญูุฉ ุงููู ุชุนุงูู ูุจุฑูุงุชู",0,0,12/24/2025
"@wizix9877","ูููุชูุง ุนุณู. ุงูููููุด ูุตู ๐",0,0,12/23/2025
"@ุตุงูุญุงูุชูููู-ุธ8ู","ุณุงู ุงูุชูุงู ูุณูู ููุชุงุฒ ูุงููุธุงู ุงููู ูุงุดู ุนููู ุงุฎุณุฑ ุงูุงู ูุงูุฑุจุญ ูุณุชูุจูุง<br>ูุน ุงูุงุนุชูุงุฏ ุงููุจูุฑ ุนูู ai ููู ุงูุชูููุงุช ุงููุงุฏูุฉ ูู ุงูุฑูุจุงุช ูุงูุณูุงุฑุช ูุญุชู ุฃุจุฑุงุฌ 6G ูุงููุตุงูุน ูุงูุดุฑูุงุช <br>ูุณูุชู ุชุตุญูุญ ุงูุณูู ูุน ุงูููุช",0,0,12/23/2025
"@moussaouiahmed",".........................................AM",0,0,12/23/2025
"@NMM3N","I Have the idea to give the &quot;AI&quot; an opportunity to be lifetime partner ๐งโโ๐งโโ with human life for future ๐ฎ ๐ฎ generation &quot;<br>NMMN&quot;",0,0,12/23/2025
"@RamiAlmasaody","ูุงุนุฑู ููุด ูุงูุง ุงุดูู ุชูุงุตูู ุงูุญููุฉ ุชุฐูุฑุช ูููู ุงูููููุด ๐",0,0,12/23/2025
"@MOHAMEDKHALID17787","โโช<a href=""https://www.youtube.com/watch?v=N5ZeSKCmous&amp;t=1019"">16:59</a>โฌโ <br><br>ุงูุช ุฑุฌู ุดุฑูู ูุงูุฑุฌุงู ูููู ููู ๐ช๐ช๐ช",0,0,12/23/2025
"@DrRabab","ุงููู ููููู ุฏ ุงุดุฑู <br>ูู ูุถูู ูููู ุญููุฉ ุนู ุงูุฐูุจ ุงูุตููู",0,0,12/23/2025
"@mohamedabdel-ghani4565","ุฌูุฌู ูุชููู ู ุฃูุชูุงู ุดุฑูุชู .. ุงูููุฏูู ุงูุงุฎูุฑ ุฑููุจ ุจุดูู ูุฑุนุจ",0,0,12/23/2025
"@almosabi1","ูุฑูุฏ ุณูุณูุฉ ุชุฌูุน ูููุง ุงูุดุฑูุงุช ุงูุชุงุจุนุฉ ููููุงู ุงููุญุชู ูุชูุนูุฉ ุงููุงุณ ูู ุฃุฌู ููุงุทุนุชูุง ูุฃู ุงูุฃุบูุจูุฉ ูุง ูุนุฑููู ูุน ุฃู ููุฌุงุช ุงูุดุฑูุงุช ุงูุชุงุจุนุฉ ููููุงู ุชุจุงุน ูู ุงุณูุงููุง ุงูุนุฑุจูุฉ",1,0,12/23/2025
"@apo_amr","โโช<a href=""https://www.youtube.com/watch?v=N5ZeSKCmous&amp;t=1156"">19:16</a>โฌโ ูููุฏ",0,0,12/23/2025
"@omarsaad1381","<a href=""https://www.youtube.com/watch?v=N5ZeSKCmous&amp;t=1035"">17:15</a> ุงููุงุณ ุงุชูุจูุช ๐",0,0,12/23/2025
"@mosupaldirdiry5942","ุงููุงุณ ุงุชูุจูุช <a href=""https://www.youtube.com/watch?v=N5ZeSKCmous&amp;t=1034"">17:14</a> <br><br>ุจูุงุก ุนูู ูุตูู ูู ุงูุญููุฉ ุฏู ููุงุณุชุซูุงุฑ ูู ุงูุจู ุงูู ุขู <br>ุงููุตุฉ ุฏู ููุณูุง ุญุตูุช ูู ุงูุณูุฏุงู ูู  ุงูุจุฑ  ุงุญุชูุงู ูู ุชุงุฑูุฎ ุจูุฏูุง ุชู ุชุณููุชูุง ุฃุฒูุฉ ุณูู ุงูููุงุณูุฑ ุนุงู 2011<br><br>ุงูุฑุฌุงุก ุชุบุทูุชูุง ูู ุญููุฉ ุงููุฎุจุฑ ุงูุฃูุชุตุงุฏู ุงููุงุฏูุฉ ูููุงุฑูุฉ ุงูุฌู ุงูุดุจู๐",0,0,12/23/2025
"@menashenouda4383","ูู ุจูุนูู ุญุฑููุง ุงูููููุด ๐",0,0,12/23/2025
"@nibfras1354","ุดูุฑุง ูู ุงูุช ุงุณุทูุฑุฉ ุชุญูุงุชู ูู ุงูููู. ุงุนุชูุฏ ุงู ุงูุดุฑูุงุช ุงูุงููุฑููู ุณุชููู ูุฏ ูุงุญุฏุฉ ุจุงุดุฑุงู ุงูุญูููุฉ ุงูุงููุฑููุฉ ูุงู ุงูููุถูุน ุงูู ูููู. ููู ุงูุฎุทุฑ ุงูุญูููู ูู ุงูููุงุฐุฌ ุงูุชู ุชูุชูููุง ุญูููุงุช ุฎุงุฑุฌ ุงูุฑููุง ูุซู ุฏูุจ ุณูู.  ูุงูุถุง ุงุนุชูุฏ ุงูู ุทุงููุง ูู ุชูููููุฌูุง ุงูุนุงูู ูู ูุนุงูุฌุงุช ูุชุทุจููุงุช ูุงูุธูุฉ ุชุดุบูู ูู ุงููุฑููู ูุงูููู ุงูุถุง ุณูููู ููุงู ูุฌุงุญ ููุฐูุงุก ุงูุงุตุทูุงุนู ูู ุงูุนุงูู ุจุงุชุญุงุฏ ูู ุดุฑูุงุช ุงูุฐูุงุก ุงูุงุตุทูุงุนู ูุงูุชูููููุฌูุง ูุฌุชูุนูู ูุงู ูุฐุง ูุนุชุจุฑ ุง ูุฎุฑ ุทูุฑุฉ ุงูุชูููููุฌูุง ุงูุงููุฑููู ูู ุงูุชุงุฑูุฎ ุงูุญุฏูุซ ูุงูุฐู ุณูุดูู ุงููุณุชูุจู ูุนูู ุฑุงุณ ุงูุฌููุน  ุดุงุช ุฌู ุจู ุชู ุงูุฐู ุงุฑุชุจุท ุจุงุฐูุงู ุงูุนุงูู. ูุงู ุงูููุถูุน ุจุฒูุณ ูุงูู ูููู. ูุฐูู ุณูุฑุฌุน ููุตุฏุงุฑุฉ. ููู ูุงู ุงุชูุงู ูู ุชุญุช ุงูุทุงููุฉ. ุญุชู ุงุชููุน ุงูู ูุถุงู ุนูู ุณุนุฑ ูู ุงูููุชุฌุงุช ููุดุฑูุงุช ุงูุชู ุฐูุฑุชูุง ูุงูุชู ูู ุชุฐูุฑูุง. ูุณูููุฒ ุฑุงุณ ูุงู ุงูุดุฑูู ุงูู ูุจุงูุบ ุฎุฑุงููุฉ ููู ูู ุชุชุญูู ูุจูุกู ุณุงู ุงูุชูุงู ุจุงูู ุณูููู ููุงู ุดู ุฎุฑุงูู ูุงุฏู. ูุงู ุฎุฏูุงุช ุงูุฐูุงุก ุงูุงุตุทูุงุนู ุชุบูุฑ ุงูุนุงูู ุญุงููุง ุจููุงุฆุฏูุง ุงููุจูุฑุฉ.",1,0,12/23/2025
"@jarokumbestof2712","ูู ุฏูููู ูุงูุช ููุชุนู.<br>ูุง ูุด ุจุณุชุฎุฏู ุงู ููุน ูู ุงูุฐูุงุก ุงูุงุตุทูุงุนู ุจุงูุดูู ุงููุฏููุน .<br>ูุง ุฑุจ ุงููุง ุชูุจุณ ูู ุงูุญูุท ูุชุชุฏุฎู ุงูุฑููุง ููุดุญุชูุง ุนูู ููุณ ุงูุดุงุฑุน ูุง ุฏุงู ุงููู ุฏุงุนููู ููุตูุตุงู.๐๐",0,0,12/23/2025
"@karim_Abd_ELAziz","ูู ูุด ุชุฑุงูุจ ููุณู ูุณุชุซูุฑ .. 500 ูููุงุฑ ูู ุงูุจู ุงูู ุงู ... ูุนูู ุงูุญูููู ููุณูุง ูุงุจุณู ุจุฑุฏูุง .. ูู ุงูููุถูุน ุฏู . .",0,0,12/23/2025
"@ShortcutRamy","ุงุดุฑู ุงุจุฑุงููู ........... ูุด ุนุงุฑู ุงููุงุณ ูุชุดูู ุงูููููุช ุจุชุงุนู ููุง ูุง ..... ุจุณ ูุด ุบุฑูุจุฉ ุดููุฉ ุงู ุงูุญููุฉ ุจุชุงุนุชู ุชุทูุน ุจุนุฏ ุญููุฉ More Perfect Union ููุง ูู ุตุฏูุฉุ",0,0,12/23/2025
"@wolverine4666","ุงูููุธููุฉ ุงููุงููุฉ ุงูุตูููููุฉ ูู ุดุจูุฉ ุนููุจูุช ููุดุฑูุงุช ู ุงููุคุณุณุงุช ุงูุตูููููุฉ ูุฎุฏู ุจุนุถูุง ุงูุจุนุถ  . . ู ุณููุท ุฃุญุฏูุง ูู ุจูู ุชุฃููุฏ ุณูููู ุฅูุง ูุนูููุฉ ุณุฑูุฉ ููุฃููุงู ุฃู ูุนูููุฉ ุฅุจุชุฒุงุฒ ูููุณุงูููู ุฃู ุงูุนุงูููู ูู ุชูู ุงูุดุฑูุฉ",0,0,12/23/2025
"@MustafaEsmail-q7n","ุจุดูู ุงู ูู ููุฏูู ุจูุฎุฏู ุน ุงูููุฏูู ุงูุชุงูู , ูุนูู Chatgpt ูููุฒ ู ุงูู ููุฏุฑ ูููู ุงุณุชุฑุงุชูุฌูุงุช ููุจูููู ุนูููุง ููุฐูู geminai ูููุฒ ู ูููู ููู ุฌุฏุง ู ููู ุงูุฏุงุชุง ุงููุนูุฏู ูุชูููุฏ ุงูููุฏููุงุช , ูุทุจุนุง Grok ูููุฒ ุฌุฏุง ู ุงูcoding ูุญู ุงููุดููุงุช ุงูุจุจุฑูุฌูู ุงููุนูุฏู , ูุทุจุนุง ุงุฎูุฑุง perpelexity ูููุฒ ุฌุฏุง ู ุงูresearch ูุชูุฏุฑ ุชุจูู ุงุจุญุงุซ ูููู ูู ุฎูุงูู.",0,0,12/23/2025
"@ูููุนุงุชุนุงูู-ุฒ6ุฒ","ุงูุง ููุช ุงุณุชุฎุฏู ุฌุงุช ุฌู ุจู ุชู ุจุณ ุงูุฃู ุงุณุชุฎุฏู ุฌูููุงู ูุฃู ุณุฑูุน ุจุงูุฑุฏ ...",0,0,12/23/2025
"@demimeghrib","ุงูุฐูุงุก ุงูุงุตุทูุงุนู ุงูุฐู ุชุณุนู ุงููู ุงูุจู ุงู ุงู ููุท ุชุดุฑู ูู ุงูุดุฑูุงุช ุงููุชุนุงูุฏูู ูุนูุง ุชุญุช ุฐูุงุก ุงูุงุตุทูุงุนู ููุดุฑูุฉ ููุง ุณูู ุงููุตูู ูููุนูููุฉ ุณูุณูู ุงูุชุฌุงุฑุฉ ูุงูุชุนุงูู ุงูุจููู ููู ูุงุฐุง ูุนุทููู ุชุญูู ูุงูู ููุซุจุช ุนู ุนููุงุฆูู ููุง ูุคุฏู ุงูู ูุดู ูู ุดูุก ููุตุจุญ ุงูุฐูุงุก ุงูุงุตุทูุงุนู ุฃุฎุทุฑ ูุฑุงูุจ  ูุชูุฏูุฏ",0,0,12/23/2025
"@c.k620","ูุนูู ููุง ุงุณุชูุจููุง ู ูุจุณูุง ุงูุนุงูู ููู ูุณุคูููุชูู ู ุฏูููุช ูู ููุนูุง ููููุนูุง ุงูุนุงูู ููู ูุงููู ูุฎุงู ูู ุณููุทูู.",0,0,12/23/2025
"@omar2020-o8q","ุงูุง ุจุงููุนู ุงุดุชุฑูุช ูู ุฎุทุฉ ุงูุชุฑุง ูู ุฌูุฌู ุนุดุงู Gemini",0,0,12/23/2025
"@alimmr2008","ุงูุฒููู ุณุงู ุฃูุชูุงู ๐๐๐<br><a href=""https://www.youtube.com/watch?v=N5ZeSKCmous&amp;t=920"">https://www.youtube.com/watch?v=N5ZeSKCmous&amp;t=920s</a>",0,0,12/23/2025
"@delibroih","ุงูููู ุฃุนุฒ ุงูุฅุณูุงู ู ุงููุณูููู",0,0,12/23/2025
"@BOUKACHATARaouf","ูุฑูุฏ ุญููุฉ ุนูู ุตููุฉ ุงูุบุงุฒุ ุงููุณ ูุฐุง ุงูุชุตุงุฏ ุงูุถุงุ!!!!",0,0,12/23/2025
"@ูุญูุฏุงูุงูููุจููุณููุฉ","ูู ูููู ุงู ุชุถุน ุญููุฉ ุนู ูุตุงุฏุฑ ุงูุฒูุงุฏุฉ ุงููุจูุฑุฉ ุงูุงุฎูุฑุฉ  ูู ุซุฑูุฉ ุงูููู ูุงุณู",0,0,12/23/2025
"@don.dandononeverything1254","ุงูุฑุง ุนู ุชุงุฑูุฎู ุงูุทููู ูู ุงููุตุจ ูุจุชููู ุงูู ุจูุตูุฑโฆ",0,0,12/23/2025
"@mohdfathi692","ุงูุฒูุงุก ุงูุตูุงุนู ูู ุงูููุช ุงูุญุงูู ุทุงููุฉ ููุงุงุฑ",1,0,12/23/2025
"@mohdfathi692","Open Ai ุณุชุณุฑู ุฃููุงู ุงูุดุนูุจ",0,0,12/23/2025
"@ziadnawafleh8791","ููุฏ ูุตูุช ุงูุฑููุง ุงูู ุงูููุฉ ููู ูุชูุงุฌุง ุนูุฏูุง ุชููู ูู ุจุฑุฌูุง ุงูุนุงูู ูุงูุธุงูู ูุฑูุจุง . ููุฐุง ูุง ููุณุฑ ุฌููู ุงูุดุฑูุงุช ุงูุงูุฑูููุฉ ูุชูุฏููุง ูุญู ุงูุงูุชุตุงุฏ ุงููููู ุงูุฐู ุณูููู ุณุจุจ ุฏูุงุฑูุง ููู ูุบูุถุฉ ุงูุนูููู",0,0,12/23/2025
"@yassenmotamed544","โคโคโคโคโค",0,0,12/23/2025
"@ูููุงุฑ","ุดูุฑุง ุงุณุชุงุฐูุง",0,0,12/23/2025
"@Mokhtar-DZ_enfisi","ุจุงุฑู ุงููู ููู ุงุณุชุงุฐ ุงุดุฑู ุงูุฐูุงุก ุงูุงุตุทูุงุนู open Ai ุงุนุชูุฏ ุงูุญูููุฉ ุงููุจูุฉ ุงูุงูุฑูููุฉ ุงูู ุชุฎุงู ูู ุงูููู ุงูุงุญูุฑ ุญุชุชุตุฑู ูููู ุงูุตูู ุงุนุชูุฏ ูู ุฎูุตุช ุงูุงูุฉ ุงูุทุจุงุนุฉ ุงูุญุฌุฑูุฉ (EUV)  ููุฉ ุงูููุจูุฉ ุงูุญููููุฉ",0,0,12/23/2025
"@shoaibelzyadna349","ูุง ุงุนุชูุฏ ุงู ุงูุญูููุฉ ุงูุงูุฑูููุฉ ุณุชููุฐ ุดุฑูุฉ Open Ai <br>ูุงู ููุฌุฏ ูุฏููุง ุงููุซูุฑ ูู ุงูููุงูุณูู ุงูุฐูู ูุชููููู ุนูููุง ูุนููุง. ูุงูุณูู ูู ูุง ููู ูุฒุฏุงุฏ ููุงูุณูู ุดุฑุณูู ููุฐูุงุก ุงูุงุตุทูุงุนู. <br>ูุงููุธุงู ุงูุฐูุงุก ุงูุงุตุทูุงุนู ุงูุงูุถู ูุฏู ูุงูุฐู ุงุณุชุฎุฏูู ูุซูุฑุง ูู Gemini 3 pro. ุจุนุฏ ุงุณุชุฎุฏุงู ุงููุธุงููู (chatgbt/ Gemini 3 pro)<br>ุงูุฐูุงุก ุงูุงุตุทูุงุนู ุงูุฐู ูุชุจุน ูุดุฑูุฉ ูููู ูุชูููู ุจูู ุตูุฑุฉ ููููุฉ ุนูู ุงูุงุฎุฑ.",1,0,12/23/2025
"@Islam_Solider1","ุงูุซุฑ Chat bot ุงุณุชุฎุฏูู ูู Chatgpt ุจุญูู ุงูุชุนูุฏ ูุงูุฃููุฉ ุงูุชู ุตุงุฑุช ูุน user interface ุงูุฎุงุตุฉ ุจู",0,0,12/23/2025
"@najahalnaser5673","ุฌุฒุงู ุงููู ุฎูุฑุงู ๐๐๐",0,0,12/23/2025
"@najahalnaser5673","ุงูููู ูุฑุฌู ุงููุฑูุจ ูุฃูููุง ูู ุบุฒุฉ ุงูุนุฒุฉ ุงูุญุจูุจุฉ ุงูููู ูุทูู ุจุฃูููุง ูู ุบุฒุฉ ุงูุนุฒุฉ ุงูุญุจูุจุฉ ุงูููู ุฑุญูุชู ุจุฃูููุง ูู ุบุฒุฉ ุงูุนุฒุฉ ุงูุญุจูุจุฉ ูุง ุฃุฑุญู ุงูุฑุงุญููู...ูู ุฌููู ุฃุฎุช ุบุฒุฉ",0,0,12/23/2025
"@VM8","<a href=""https://www.youtube.com/watch?v=N5ZeSKCmous&amp;t=794"">13:14</a> ูููุฏูุ ุจูุงุนูู ููุงู.",0,0,12/23/2025
"@noharafa9511","ุฑูุนุฉ",0,0,12/23/2025
"@Ali-zx3kh","ุงูุง ุงุณุชุฎุฏู Grok ูููุงูุงูุฉ ูุงู ุงูุงูุถู ุนูุฏู ุจุงููุชุฑุฉ ุงูุงุฎูุฑุฉ ุจุนูุณ ChatGPT ุงููู ุชุฑุงุฌุน ู ุงููู ูุง ุงุณุชุฎุฏูู ูุซูุฑ <br>Google ุงููุชุฑุฉ ุงูุงุฎูุฑุฉ ูุงุถุญ ุชููููุง ูุงูุง ุฌุฑุจุช ู ููุงูุงูุฉ ุชุญุณู ูุซูุฑ ุฌุฏุงู ู ุงูุงูุซุฑ ุฐูุงุก ุงู Google ุถุฑุจุช ุดุฑูุชูู ููู Open AI ู Nvidia",0,0,12/23/2025
"@anaselmesmari8724","ูุง ุงุนุชูุฏ ุดุฑูุงุช ูุจูุฑุฉ ูุซู ุงูุชู ุฐูุฑุชูุง ูุง ูููู ุงู ุชุณุชุซูุฑ ุจูุฐู ุงููุจุงูุบ ูู ูู ุชุนุฑู ุงู openAi ุชุฎุจุฆ ุดูุก",0,0,12/23/2025
"@ZAKARiAMohmid-nt3ko","ุงูุดุงููู ุฑุจูุง ููุฎุณู ุจููู ุงูุงุฑุถ",0,0,12/23/2025
"@IntellectOnly","ูู ุตููููู ูุทุจู ูููุฐุฌ ุงูุตูุงููู ูู ุชูุฑูุท ุงููู ูุนู",0,0,12/23/2025
"@Roadster-007","ุงููููููููุด ๐",0,0,12/23/2025
"@mohabahmad4923","ุฒูุฑุฉ ุชูููุจ ุฌุฏูุฏุฉ ๐ข",0,0,12/23/2025
"@YasminePlaytime","ุชูุงูู ุงููุงููุท ุฏูุงู ุณุงุทูุดู",0,0,12/22/2025
"@erpelo6","gli esseri umani non amano la concorrenza... investire troppi soldi รฉ un idiozia.",0,0,12/22/2025
"@erpelo6","AI non viene usata da molti di noi AI non รฉ piรน una novitร.. passiamo oltre?..",0,0,12/22/2025
"@ElsayedShaheen-o1k","Too big to fail โคโค",0,0,12/22/2025
"@ุฎุงูุฏุนูู-ุฐ4ุญ7ู","ุงูุฐูุงุก ุงูุงุตุทูุงุนู",0,0,12/22/2025
"@hossamfaawzy5662","Open ai ุดุฑูู ุตูููููุฉ ูููุฏูู ุงููุฏู ูููุง ููุณ ุงูุฑุจุญ <br>ุจู ุฌูุน ูุนูููุงุช ุนู ุงููุณุชุฎุฏููู ูู ูู ุฃูุญุงุก ุงูุนุงูู <br>ุชุฎูู ูุนุฑููุง ุนู ุงููุณุชุฎุฏููู ูู ุดุฆ ูุงูุงูููู ูุฅุณุฑุงุฑูู ูุงุณุชุฎุฏุงููุง ููุช ุนูุฒู <br>ุฒู ูุง ุญุตู ูุน ุงูุบุฒุงููู ูุญุฒุจ ุงููู",1,0,12/22/2025
"@sobhane1","ูู ุงููุตุจ ุฏู ูู ุนูููู ุจุงูุฐูุงุก ุงูุตูุงุนู ุงููู ุฃูุชุฌููุ ูู ุงููุงุณ ูุชููู ูููุง ูู ูุณุฎุฉ.<br>ุจุณ ุนูู ุงููู ูููููุง ุนูููุง ุงูุฐูุงุก ุงูุตูุงุนู ููู ูููู ุจุนุฏ ุงูุณููุท ุนูู ุฌุฏูุฑ ุฑูุจุชู",0,0,12/22/2025
"@OS-qb3iu","ูุงู ููู ุฅุนูุงู ุนู ููุตุฉ ูุชุนููู ุงูุฐูุงุก ุงูุงุตุทูุงุนู ุฃูุง ูู ุงุชูุงุตู ูุน ุงูููุตุฉ ุฏู ูุงุฑูุช ุญุฏ ูููุฏูู",0,0,12/22/2025
"@AmrAmr-ce9ko","ููุทูุน ูุตุงุจ ูุงูุงุฎุฑ ู ููููุน ุงูุฑููุง ูููุง",0,0,12/22/2025
"@AhmedEdris-vc2sc","ุงูููู ุตู ูุณูู ูุจุงุฑู ุนูู ุณูุฏูุง ูุญูุฏ ูุนูู ุขูู ูุตุญุจู ุฃุฌูุนูู ๐คฒ๐น",0,0,12/22/2025
"@ุงุจูุทูุญู-ุบ1ุน","โค๐โค๐โค๐",0,0,12/22/2025
"@SolomFoz","ููุนูู ุฃูุชูุงู ุฌูุฏู ูู ุฌูุด ุงุฎุฑุงุฆูู",0,1,12/22/2025
"@Mst1087","ุฑุฏ ุณุงู ุฐูุฑูู, ูู ุฑุฏ ุตุงุญุจ ุงูุจุฑ ุนูุงููู ุงุญุชุงููู ูู ุชุงุฑูุฎ ุงููุฑู ุงูุงุฑุถูู ูู ุจูุฑูู ูุงุฏูู. ููุง ูุงู ูุณุชุซูุฑูู ูุณุฆููู ูุซูุฑ ูุงู ุฑุฏู &quot; ุงุฐุง ุญุงุจ, ุฅุทูุน &quot;.  ุจู ูุงู ูุงุฏูู ุฅูุณุงู ูุงุถุฌ ุงูุจุฑ ูุจู ุงูุณู ุงูุซุฑ ูุงูุซุฑ ุญููู. ููุงู ููุช ุถุฑูุฑู ููุจุงุฑ ุงูุณุชูุซุฑูู ูุดุฑุญ ุงููุฑ ูุนูุง ุงููุฑ ููุทููู ููุฌูุฒ ุฑุฏูุฏ ููู. ุจุนูุณ ุตุบุงุฑ ูุณุชุซูุฑูู, ูุงู ูุณุชูุจุฑ ุนูููู. <br>ุจูููุง, ุณุงู ุฅูู ุดุฑูุชู ูู ุจูุฑุตู ูููุงุจูู ูุงุฐู ูุดููู ุงููููุจ ุงูุงุฑุถู ููููุชู ููุฑูุถ ุชูุฒู ูุชุฑูุน ุดุฑูุฉ. ูุงู ุฑุฏุฉ ุฃุญูู. ููุงู ุฑุฏ ุดุฎุต ูุงุฆุณ ููููุนู ูุบุงุถุจ. ููุดุฑุญ ุงููุฃุฒู ุฅูู ูู ููู ุจุจุณุงุทุฉ. <br><br>ุณุงู ุฃูุชูุงู ููุณ ุนุจูุฑู. ูู ูุนูุง ุงูุณุงู ุจุทุจุน ุฌูุฏ. ููููู ููุณ ูุงุถุฌ ููุง ุนุจูุฑู ุงุจุฏุง. ูู ูุฌุฑุฏ ุดูู ุตูุฑู. ูุดููุฉ openAI. ูู ููุณ ูุดููู ูุงุฏูู. ุณุงููููุฌูุง, ูุง ูู ุงูู ุทุฑููู ูููุญุชุงููู ุ ูู ุจูุน ุงูููู ุฅูู ูุญุจูู ูุตุฏููู. <br>openAI, ุตูุนุช ูุนุฌุฒุฉ ูู ุชุงุฑูุฎ ุจุดุฑู. ูู ุฌุนูุช ูู ุงููุณุชุญูู, ูุงูุน.  ูุซู ุจุดุฑ ููุง ูุคูููุง ุจุดุฆ. ูู ุฅููุงู ูู openAI. ูู ูุง ุชููู ุดุฆ ูุง ุงููุฏุฑุฉ ููุง ุดุฆ. ุนูู ููุฑู GOOGLE ุชููู ุงูุซุฑ ุนุจุงูุฑู ุจุงูุนุงูู ููู ูู ุงูุฌุฏู chatgpt ุงุตูุง ุนูููุง. ูููููู ูุง ุทุจูููุง ููุดุฑู. ููุง ุชูููู ุนูููุง, ููุฌูุฏุฉ ูู ุงุฏุฑุงุฌ ูููู ูู ูููู ููู 10 ุณููู.<br>ููููู ุชููู ุงูุซุฑ ุชูููู ูุชุทูุฑุฉ ูู ููุจููุชุฑุงุช ูููู ุฅูู ุฑุงุญ ุชุญุฏุซ ุซูุฑุฉ ูู AI ูู ูุงุญูู ูุงุฑุฏููุฑ. ูููู ูู ุชููู ุงุนุธู ุนุจุงูุฑุฉ ูู ูููุจ ุงูุงุฑุถู ูู ูุฌุงูุงุช ุงููููุจ ุงูุงุฑุถู. ูุชููู ุงุจุญุงุซ ููุฎุชุจุฑุงุช ูู ุงูุงูุถู ุจุงููููุจ.<br><br>ูุฐูู openAI,  ุญุชู ุจูู ูุนุงูุฑ ูุง ุดุฆ ุงูุงู ูููู. <br>ูููู ูุณุชุญูู ุชูุตู ูุฑุญูู ุงููุงุณ ููุงุฆู ูุงูููุงุฑ ูุงูู. ูุงูู ูุฏููู ูุดุงุฑูุน ูุจูุฑู ุฌุฏูุฏู ุบุงูุจุง ุจุชููู ูููู ูุณุชูุจู ุจุดุฑูู. ูุซู ูุงุชู ุงูุฌุฏูุฏ. ููููู ููุฌุญูู ูู ุฑูุงู ุงูุฌุงุฏ ุซูุฑุฉ ุฌุฏูุฏุฉ. ูุณุงู ุฃูุชููู, ูุงุนุฏ ูุญุงูู ูู ูุฃุณ ุดุฏูุฏ. ููุญุงูู ูุฏุฑ ุงูุงููุงู ุฌูุจ ูู ุนุจุงูุฑู ูููุจ ุงูุงุฑุถู. ูุฏุฑุฌุฉ ุงุญุฏ ุนููุงุก ูู ุนูุฏูู, ููุชู. ุจุณุจุจ ูุงู ุจูุฑูุญ ููุงู ุซุงูู. <br>ูููู ุงุฏูู ูุนุชุจุฑู ูุซูุฑู ูู ุณุงู ุฃูุชููู. ููุซูุฑ ูุงุณ ูููููู ุงูู ูู. ุจุณ ุนุฑูุช ูุง ุชูุฏุฑ ุชุตูุฏ ุดุฆ ุจุณ ูุงุถุญ ูููุงุณ ุงู ูู. ูุจุฏู ูุณุชุนุฏ ูุณูู ุงู ุดุฆ ุนุดุงู ูุฑุจุญ ุณุจุงู. <br><br>ุจูููุง ุดุฑูุงุช ุงูุงุฎุฑู ูุง ุชุจุฏูุง ุจูุฐุง ุงูุณูุก ุจูุณุจู ููู. ูุงู ูุซูุง AMD, ูู ูุดุฑุน ุฌูุงู ุฌุฏูุฏ. ูุจููุงูู ุถูู ุดุจู ูุถููู ุจูุณุจู ููู. ููุด ูุง ุ ููู ุงูููุฏูุง ุทุงุญูุชูู. <br>ูุญุชู ุงูุฑููู, ุชูุฏุฑ ุชุจูุน ูุฑุงูุฒ ุจูุงูุงุช ููุงุณ ุซุงููู ูุนูู. ูุนูู ุงูููุถูุน ุตุฑุงุญู ุตุญู ูุตูุจู ูุจูุฑู. ูููู ูุง ุชูุตู ุณููุท ุชูู ุงูุงูุจุฑุงุทูุฑูุงุช. ูููู ูุง ุชุดูู ุจุนุถูู ุดุฆ ูุจูุฑ ููู ูู ุงุฏุงุฑูุง ุงุฏุงุฑุชูุง ุจุดูู ุฌูุฏ. ููุด ูุง ุ. ูู ุฏุฎูุช ูุง ุจุชููุช, ูุงุฐุง ุฑุจุญุช. ุฑุงุญ ุชูุณุฑ ุงูุฏููุง. <br><br>ุจูููุง ูุง ููุฌุฏ ููุงูุณ ุงุตุตูุง ุงุฎุฑ ูุนุทููู ููุณ ุงูุนุฑูุถ ุงุตูุง. ุ ูููู ุดููุง ูุจู ุงูุงู ุตุฏูุช ุงูุนุงูู ูุทูุน ุงุนุธู ูููุฐุฌ ุฐูุงุก ุตูุงุนู ุญุงููุง, ุทูุน ูู ูุฑูุช ูููู ุฎุงุตู. ูุง ุงูููุฏูุง ููุง ุดุฆ. ููููู ุชููู ุชุฑุณุงูู ูุชููุนู ูุดุงููู ูู ุงูุงุณูุญู.",0,0,12/22/2025
"@AhmedSamy-pp9po","ุงููููููููู ุตูููู ููุณูููููู ููุจูุงุฑููู ุนูู ููุจููููููุง ููุญูููุฏ   ุนุฏุฏ ูุงุฐูุฑู ุงูุฐุงูุฑูู ูุนุฏุฏ ูุง ุบูู ุนู ุฐูุฑู ุงูุบุงูููู โคโค๐ฉต๐ฉต<br><br>ุงููููููููู ุตูููู ููุณูููููู ููุจูุงุฑููู ุนูู ููุจููููููุง ููุญูููุฏ   ุนุฏุฏ ูุงุฐูุฑู ุงูุฐุงูุฑูู ูุนุฏุฏ ูุง ุบูู ุนู ุฐูุฑู ุงูุบุงูููู ๐ฉตโคโค๐ฉต<br><br>ุงููููููููู ุตูููู ููุณูููููู ููุจูุงุฑููู ุนูู ููุจููููููุง ููุญูููุฏ   ุนุฏุฏ ูุงุฐูุฑู ุงูุฐุงูุฑูู ูุนุฏุฏ ูุง ุบูู ุนู ุฐูุฑู ุงูุบุงูููู ๐ฉต๐ฉตโคโค",0,0,12/22/2025
"@AhmedSamy-pp9po","ุงููููููููู ุตูููู ููุณูููููู ููุจูุงุฑููู ุนูู ููุจููููููุง ููุญูููุฏ   ุนุฏุฏ ูุงุฐูุฑู ุงูุฐุงูุฑูู ูุนุฏุฏ ูุง ุบูู ุนู ุฐูุฑู ุงูุบุงูููู โคโค๐ฉต๐ฉต<br><br>ุงููููููููู ุตูููู ููุณูููููู ููุจูุงุฑููู ุนูู ููุจููููููุง ููุญูููุฏ   ุนุฏุฏ ูุงุฐูุฑู ุงูุฐุงูุฑูู ูุนุฏุฏ ูุง ุบูู ุนู ุฐูุฑู ุงูุบุงูููู ๐ฉตโคโค๐ฉต<br><br>ุงููููููููู ุตูููู ููุณูููููู ููุจูุงุฑููู ุนูู ููุจููููููุง ููุญูููุฏ   ุนุฏุฏ ูุงุฐูุฑู ุงูุฐุงูุฑูู ูุนุฏุฏ ูุง ุบูู ุนู ุฐูุฑู ุงูุบุงูููู ๐ฉต๐ฉตโคโค",0,0,12/22/2025
"@ZeinGold","ุณุงู ุงูุชูุงู ูู ุทุฑููู ุนุดุงู ููุชุจ ุงุณูู ูู ุงูุชุงุฑูุฎ ูุฃูุจุฑ ูุตุงุจ",0,0,12/22/2025
"@yanalwattar8674","ุตูุชู ๐",0,0,12/22/2025
"@aliahmady1897","<a href=""https://www.youtube.com/watch?v=N5ZeSKCmous&amp;t=1095"">18:15</a> ูุนูู ุดูู ุจูุจูุน ููููุด ๐",0,0,12/22/2025
"@alkindi37","ูุง ุฑุจ ุชููุงุฑ ููููุงุฑ ูุนูู ุงูุตูุงููุฉ",0,0,12/22/2025
"@mohammadsivar","ุญููุงุชฺฉ ูุง ุชุณูู ููุงุชุบู ููุงุชูุฏู ุง ุฌุฏุฏ ุงูุง ุงูุชุทุจู ูุตู ูุงุฑุงู ูุนููุงุฆูุง ูุงูุณุงุฑ ุงูุนุงูู ุงูุงุฑูุงุจ ุชุฌุงุฑ ุงููุฎุฏุฑุงุช",0,0,12/22/2025
"@Z1bi","ุงูุด ูุดููุฉ ุงูุดุฎุต ุงู ุงููุณุชุซูุฑูู ุงูุงุบููุงุก ุนุงุฌุจูู ุงูููุชุฌ ุนูู ุงูุฑุบู ูู ุงู ุงูููุชุฌ ูุง ูุทูุนุด ูููุณุ",0,0,12/22/2025
"@calhatieah","โMost Americans are ignorant and accomplice in US-Israelโs genocide in Gaza โฆ. <a href=""https://www.youtube.com/shorts/yWEbZ8_Vxgg"">https://www.youtube.com/shorts/yWEbZ8_Vxgg</a>   // In the1976 US TV interview, US government  was controlled by Zionist Ashkenazi Jews = AIPAC. Cowardly Ashkenazi kleptocrats are behind all this shenanigan and are hiding behind nations and countries, thatโs what it means Israel without borders โฆ. it is NOT a two-party system, itโs one-Party System = AIPAC. Might is right, from the river to the sea โฆ. De Oppresso Liber  ๐ต๐ธ๐ป",0,0,12/22/2025
"@Z1bi","ุงูุจู ุงู ุขู ูุชูุฏูุฉ ุฌุฏุง ููุงุฑูุฉ ุจุงูููุงูุณูู ุ ุงูููุฏู ุงูู ููุนููู ุนููู ุญุงููุง ููู ุจุดูู ูุฑุนุจ ูู ุญุฑููุง ูุงุฏุฑ ุนูู ูุญุงูุงุฉ ุชูููุฑ ุงูุงูุณุงู ูููุณ ููุท ุชููุน ุงููููุงุช ุ ูุฐุง ุงูููุฏู ุฑุงุญ ููุฒู ุจุงุฎุฑ ุณูุฉ 2026 ููุง ููุด ุงู ุดุฑูุฉ ุฑุงุญ ุชูุฏุฑ ุชุนูู ููุฏู ููุงุฒู ูู ุจููุณ ุงูููุช",0,0,12/22/2025
"@moussabel8746","ุดูุฑุง ูู ุนูู ุงูุชูุถูุญ ..ููู ูุงูู ุงูุฏุงูุน ุงููุจูุฑ ูุฃููู ุงููุจูุฑ ุงูุฐู ูุฌุนู ูุฐู ุงูุดุฑูุงุช ุงูุนููุงูุฉ ููุจูู ุงูุนุฑุถ ุฏูู ุดุฑุท ุญุชู....ููุงู ุดูุก ูุงุฏู ูู ูุง ูุฑูุฏ ุงูุงูุตุงุญ ุนูู ููุฏุฑ ุจุงููุงู ุงููุซูุฑ ุนูููู....ูุงุฑ ุฌููู ุชุฃูููู ุฌููุนูุง ูุงุฑุจ",1,0,12/22/2025
"@khaledosama2145","<a href=""https://www.youtube.com/watch?v=N5ZeSKCmous&amp;t=750"">12:30</a> ุงุบูุจ ุงูุฒูุงุฏุฉ ูุฌููููุงู ุจุณุจุจ ุงูุทูุจุฉ ุงูุฌุงูุนููู ูุงู ุฌูุฌู ูุฒูุช ููุญุฉ ุณูุฉ ูุงููุฉ ูุฌุงููุฉ ููุทูุจุฉ ุงูุฌุงูุนูู",1,0,12/22/2025
"@Khaled-ys6jz","ุงูุณุคุงู ุงูุจุฏููู ุงูุจุณูุท ุจุงูุญุงูุฉ ูู ุ ููู ูุฏุฑุดุฎุต ูุงุญุฏ ููุฑุท ุดุฑูุงุช ุถุฎูุฉ ุจูุงูุญุฌู ุนูุฏูุง ูุฑุงูุฒ ุชุฎุทูุท ูุจุชุฑุณู ุงุณุชุฑุงุชูุฌูุชูุง ูุณููุงุช ุ ูุนููู ุงููุตุฉ ุจุงูุจุณุงุทุฉ ููุ",0,0,12/22/2025
"@ahmedderar8754","Open AI ุจุงูุชุฃููุฏ ุจุชุดุชุบู ู ุชุทููุฑ ุงุณูุญุฉ ูู ุงูุฌูู ุงูุฎุงูุณ ูุฏุง ุงููุฏ ุณุจุจ ูู ุฃุณุจุงุจ ุงูุชูุงูุจ ุนูููุง",0,0,12/22/2025
"@ahmedaly2805","๏ทบุ",0,0,12/22/2025
"@ุฃุญูุฏ04101","ุงูุฑููุง ุณุชุชุฑู open ai ุชุณูุท ู ูู ูุฑุชุงุญุฉ ูุตุงูุญ ุฌูุฌู",0,0,12/22/2025
"@ุฃูุงุชุงููููุญูุฏ-ุฌ2ุช","ุฌุฒุงูู ุงููู ุฎูุฑุง",0,0,12/22/2025
"@hussainnafadi","ุดูู ุงูุฃุฒูุฉ ุงูุงูุชุตุงุฏูุฉ ุงูุนุงูููุฉ ุงููุงุฏูุฉ ูุชููู ุจุณุจุจ openai",0,0,12/22/2025
"@jkh3495","ุงูุง ุญุงุณุณ ูุงููู ุงุนูู ุงููุง ุญููุฉ ูู ุงููููุฏ ูููู ุงููุงููู ุฎุงุฑุฌ ุงูุฑููุง ูุชูุฑูุจุง ุงููุฌูุฉ ูุชููู ุงูุตูู ุงูููุฉ ุงูุตุงุนุฏุฉ ุงูุฌุฏูุฏุฉ ูุฎุตูุตุง ุงู ุฌู ุจู ููุฑุฌุงู ูุจูุงู ุฑูู ููููุง ุงูุชุฑ ูู ุชุฑููููู ุฏููุงุฑ ููุตูู ูุทุจุนุง ุณุงู ุงูุชูุงู ูููุฏู ููุนูุฏููุด ูุงูุน ูุฎุฑุจูุง ุงูุฑููุง ุจุงูุฏููู ููุณุจ ุซูุฉ ุงูุตูู ูุฎุฏูุฉ ูุตุงูุญูู",0,0,12/22/2025
"@wildfire3989","ูุฐุง ูุดุฑูุน ุงุณุชุฑุงุชูุฌู ู ุณูููู ุจูุงุก ูุญุทุงุช ููููุฉ ูุชูููู ุทุงูู ูุงุฆูู ูู AI ูู ุจุฑูุทุงููุง",0,0,12/22/2025
"@Doumes67","ุงูุชูุฑุช ุงูุนุจุงุฑุฉ ุงูุดููุฑุฉ (ุตุจุงุญูู ุนุณู ุงูููููุด ูุตู)",2,0,12/22/2025
"@jawadcats","ุญููุฉ ุงูุซุฑ ูู ูููุฒุฉ ุดูุฑุง ูู",0,0,12/22/2025
"@hema99hema50","ููุงุนุฉ  ุงูุฐูุงุก ุงูุงุตุทูุงุนู ุณุชููุฌุฑ ูุฑูุจุง",0,0,12/22/2025
"@fayssalsoussi","ุงูุฐูุงุก ุงูุงุตุทูุงุนู ููุงุนุฉ ุณุชููุฌุฑ ู ุชุณุญุจ ูุนูุง ุฃุณูุงู ุงููุงู ู ุงูุฃุนูุงู ...",0,0,12/22/2025
"@MohammedMohammed-b8p3g","ุงูุจู ai  ููููุด ุญุฑููุง",0,2,12/22/2025
"@sabrymohamed6910","ุงูุง ูู ุฃุดุฏ ุงููุนุฌุจูู ุจุงูุจุฑูุงูุฌ",0,0,12/22/2025
"@K-Kratos","ููุงุนู ุงูุฐูุงุก ุงูุงุตุทูุงุนู ุชูุชุฑุจ ููุงููุฌุงุฑ",0,0,12/22/2025
"@khaledbennili2736","ูุงููู ุฎููู ุงูููุง ูุงุญุทูู ูู ุฌูู ุงูุฑุฏโคโคโค",0,0,12/22/2025
"@TheDragonheart81","<a href=""https://www.youtube.com/watch?v=N5ZeSKCmous&amp;t=677"">11:17</a><br>ุตุญูุญุ ููุฏ ุชูููุช ุนู ุงูุฏูุน ูุชุดุงุช ุฌู ุจู ุชู ููุฐ ุซูุงุซุฉ ุฃุดูุฑุ ูุฃูุง ุฃุณุชุฎุฏู ุฐูุงุกู ุงุตุทูุงุนูุงู ุขุฎุฑ",0,0,12/22/2025
"@THNX-q8l","ุฌุฒุงู ุงููู ุฎูุฑุง",0,0,12/22/2025
"@mo3tsmstudy","ุนุงูุฒูู ุญููุฉ ุนู ุงุฒุงู ุงูุตูู ุงุณุชูุณุฎุช ุงู EUV ูููู ุณูุคุซุฑ ุนูู ูุฌุฑู ุงูุงูุชุตุงุฏ ูุงูุญุฑุจุ",2,0,12/22/2025
"@ุจูุง-ูุฏู7","ูู ูููู open ai ุชููู ุจุชูุนุจ ูุนุจุฉ ูุถููููุง: ุชุดุชุฑู ุฃุณูู ูู ุฃู ุดุฑูุฉ ุจุชุดุชุฑู ูุนุงูุง ุนุดุงู ุชุฎูู ุฌู ูุชูุฌู ุนุงู ุงู ุงู ุญุฏ ููุชุนุงูู ูุนุงูุง ุฃุณููู ูุชุฒูุฏ ูุงูุทูุจ ุนูููุง ููุฒูุฏ ูุจูุฏุง ุชุจูุง ุฎููุช ููุงุนุฉ ุงูุชุตุงุฏูุฉ (ูุตุจุงูุฉ) ูุชุนูุฏุฉ ุุ",0,0,12/22/2025
"@MYInteriorArchitect","ุงููููููููู ุขุชู ููููุณูู ุชูููููุงููุง ุ ููุฒููููููุง ุฃูููุชู ุฎูููุฑู ูููู ุฒููููุงููุงุ ุฃูููุชู ูููููููููุง ูููููููุงููุง.",0,0,12/22/2025
"@AhmedSayed-cc7gs","ุฃุฏุนู ูู ู ุงููู ุจุงูุชูููู ูุงูุณุฏุงุฏ ูุงู ุฑุจูุง ููุฑุฌ ูููููุง ู ูุฑุฒููุง ุงูุฎูุฑ ูู ุงูุฏููุง ู ุงูุงุฎุฑู ูุงุฑุจ",0,0,12/22/2025
"@ehabcapital","ููู ูููุฉ  ุฏููุงุฑ ุนุงุฏูุ ุงููุงุช ุจุชููููุง ุฏูููุฑ ูุงููุงุช ุฏููุงุงุฑ ุ ููู ูุชุฑ ุชูุฑุงุฑูุง ูู ุงูุญููุฉ ูุน ุชุบููุฑ ุทุฑููุฉ ุงููุทู ุจุชุทูุน ูุณุชูุฒุฉ",0,0,12/22/2025
"@Blurreth","ุงููุฎุจุฑ ุงูุงูุชุตุงุฏู ูู ุงุญุฏ ุงูุถู ุงูุจุฑุงูุฌ ุงูุชู ูููู ูุชุงุจุนุชูุง ุนูู ููุตู ุงูููุชููุจุ ููู ุฌุฒุก ุงุณุงุณู ูู ููููุงุชู ูุญูููุง ุชููู ุงูุญููุงุช ูุชููุฑูุ ููุง ูุณุนูู ุจูุง ูููู ุงู ุงุดูุฑ ููุฏู ุงูุจุฑูุงูุฌ ุงุดุฑู ุงุจุฑุงููู ููุฑูู ุงูุนูู ุนูู ูุฐุง ุงูุจุฑูุงูุฌ ุงูุฑุงุฆุนุ ุงูุฐู ุงุณุชูุฏุช ููู ูุซูุฑุงุ ูุฌุฒุงูู ุงููู ุฎูุฑ ุงูุฌุฒุงุกุ ูุงุชุทูุน ุงูู ูุดุงูุฏู ุงูุญููุงุช ุงููุงุฏูู ุจุงุฐู ุงููู โค",10,0,12/22/2025
"@pappapappi9177","ูุจุฏู ุฃู ุงููุฎุจุฑ ุงูุงูุชุตุงุฏู ูุชูุจุฃ ุจุฃุฒูุฉ ูุงููุฉ ูุฑูุจุงู.. ๐๐ค",0,0,12/22/2025
"@mohamedezzatabo_eyad3857","ุงูุญูููู ุงูุงูุฑูููู ูุด ูููู ุชุณูุจ ุงูุตูู ุชุชููู ุนูููุง .. ููุชุญุงูู ุจูุฏุฑ ุงุจุงููุงู ููุน ุญูุซ ุงู ุงูููุงุฑ ..",0,0,12/22/2025
"@raybinzay1913","ุงูุฐู ุญุตู ูู ุฃูู ุงููู ุฏุฎู ุงูุณูู ูุน open AI ููู ุชุฃุฎุฐ ูุทุนุฉ ูู ุงููููุฉ ุญู ุงูุฐูุงุก ุงูุตูุงุนู",0,0,12/22/2025
"@toufickeoshger9016","ูุฏูู ุนุจุงุฑุฉ ุนู ูุงุฌูุฉ ูุนูู ูุจุด ุงููุญุฑูุฉ ููุช ุงูุงุฒู ุนุจุงุฑุฉ ุนู ุฏููุฉ ูู ูุฏ ุงูููุธููุฉ",0,0,12/22/2025
"@ORNERYBOY-t3h","ูู ููุฏูููุงุชู ุชุดุงุฆูู โฆ",0,0,12/22/2025
"@experiment9024","ุนูู ุงูุฃูุซุฑ Microsoft ุฑุงุญ ุชุฏุฎู ุญุชู ุชููุฐูุง. ููู ุงูุถุฑุฑ ุฑุงุญ ูููู ูุงุฑุซู ูุฃูุจุฑ ูู ููุงุนุฉ ูขูููจ",0,0,12/22/2025
"@ahmadmohamad80","ุดุงุฑู ุงููู ูุงููู ูุฏูุน ููุญุงุญ ุฎุทุชู ุงูุญูููุฉ ุงูุฃูุฑูููุฉ ุณูู ุชุชุฏุฎู ููุณุงุนุฏุฉ ุจุณุจุจ ุชุดุนุจ ูุฐู ุงูุดุฑูุฉ ูู ูู ุงูุงูุชุตุงุฏ ุงูุฃูุฑููู",0,0,12/22/2025
"@ghadaeltazy735","ุชุฎูู ุงููููุฐุฌ ุงููู ุจุณุชุฎุฏูู open ai ๐๐๐",0,0,12/22/2025
"@yassineaitbrahim9496","<a href=""https://www.youtube.com/watch?v=N5ZeSKCmous&amp;t=1051"">17:31</a> ุงูุถู ูุตู..",0,0,12/22/2025
"@AhmedAdel-xn1bw","ููุง ุชูุงูู ุญุณุงุจุงุช ุงูุงูุชุตุงุฏ ูุด ููุณุฑู ุชุตุฑูุงุช ุฑุคุณุงุก ุงูุดุฑูุงุช ูุงููุณุชุซูุฑูู ุณุงุนุชูุง ุนูู ุทูู ุชุนุฑู ุงู ูู ุญุงุฌู ุงูุจุฑ ูู ุญุณุงุจุงุช ุงูุงูุชุตุงุฏ ูุฑุงุก ูุฐู ุงููุฑุงุฑุงุช",0,0,12/22/2025
"@alibabiker7056","ููุงุนุงุช ุงูุฐูุงุก ุงูุงุตุทูุงุนู. <br>- ุญ ุชููุณ ุจุนุดุฑุงุช ุงูุดุฑูุงุช",0,0,12/22/2025
"","ุงุนุชูุฏ ุงู ุณุงู ุงูุชูุงู ูุดุฑูุชู ูู ุฒุฑุงุน ูููุฎุงุจุฑุงุช ุงูุงูุฑูููู ุ ุงูุงูุฑ ูุง ูุนุชูุฏ ุนูู ุงูููุณุจ ูุงูุฎุณุงุฑู",0,0,12/22/2025
"@ibrahimayman5126","<a href=""https://www.youtube.com/watch?v=N5ZeSKCmous&amp;t=1010"">16:50</a> ุนุธูุฉ",1,0,12/22/2025
"@YobertShleemonYSH","ุงูุดุฑูุฉ ุณูู ุชููู ุจุนุฏ ุงููุฑุงุฑุงุช ุงูุงู ุณูู ุชุตุฏุฑ ูุตุงูุญูุง ูุจูุงุถุงูุฉ ูุฐุงูู ุณูู ุชุชุญุฏ ูุน ููุงูุน x ููููุน ุงุฎุฑ",0,0,12/22/2025
"@wdsanadamar9311","ุญููุฉ ุญููุฉ<br>ูุงุนูุงู ูุฌุงูู ูุฌูููุงู ูฃ",0,0,12/22/2025
"@mahmoudelsoury3097","ุฑุจูุง ููุชุดู ูุฑูุจุง ุงู ุงูุจูุงูุงุช ุงูุชู ูุฌูุนูุง ุงูุฐูุงุก ุงูุงุตุทูุงุนู ูู ุงูุณูุนุฉ ุงูุชู ูุณุนูู ููุง<br>ูุฑุจูุง ุฎูู ูู ูุฐุง ุฃุฌูุฒุฉ ุงุณุชุฎุจุงุฑุงุชูุฉ ุชุฑูุฏ ุฌูุน ูุฐู ุงููุนูููุงุช<br>ูุงุฑูุช ุญููุฉ ุนู ุฃูู ุงููุนูููุงุช ููุงุฐุง ุชูุนูู ูุฐู ุงูุงุฏูุงุช ูู ุจูุงูุงุช ุงููุณุชุฎุฏููู",0,0,12/22/2025
"@AboujassemHansali","ุฃูุถู ูุตู ููุฐุง ุงูุตุฑุงุน ุงูุฌููุฉ  ุงููุคุฎูุฏุฉ ูู ุงูุดุฑุญ ุงู ุณุงูุช ุงูุชูุงูุช &quot;ูุจูุน ุงูููุงุก ูู ุฒูุฌุงุฌ&quot; ุงูููู ุนุฌู ุจููุงููู ุฃุฌูุนูู ุนูุฏูุง ุดุงูุฏุชูู ูู ูููุบุฑุณ ุงูุดุฑ ููุตุชูู ูุณูุงุญ  ุนุฑูุช ุงู ููุช ุงูููุฑ ูุงุญุฏุฉ...ููุฐุง ูุญูู ุงูู ุงู ุงุญุฌุงุฑ ุงูุฏููููู ุณูู ุชุฃุฎุฏ ุงููุงู ุฎููุฌูุฉ ูุถุนุช ุจูุตูุง ูู ูุฐู ุงูููุงุฉ ุงููุงุณุฏุฉ ูุชุฐูุฑุช ููู ุงููููู ุชุนุงูู: ูููููููุง ูุชููู ุนูููู ุญุณุฑุฉ",0,0,12/22/2025
"@tone_tone_0","ุชุฌุฑุจุฉ ุฌูููููุฌ ุชุฌุฑุจูุฉ ุณูุณุฉ ูุญููุฉ",0,0,12/22/2025
"@ูุงุฏุฑ-ุญ3ุญ","ูุฑูุจุง ุฌููุน ุงูุดุฑูุงุช ุงูุงูุฑูููุฉ  ุงูุชูููููุฌูุฉ ุณูู ุชููุงุฑ",0,0,12/22/2025
"@AboodAziz-v8z","ุงูููุฒุฉ ุงููุฎูุฏุฉ ูู chat ูู ุงูุชูููุฑ",0,0,12/22/2025
"@Hussainhasssunnai45","ุงูุช ูุฎุฑู ูุจุฑูุงูุฌู ููู ุฎุฑูุงุช ู ุฎุฑุงุจูุท",0,0,12/22/2025
"@AhmedAbdo-qe2vn","Open AI ุงูุชุนุฑูู ุงูุญุฑูู ูููููุฉ ุฏุฎุงู ูุชูุฑ ูู ุบูุฑ ููุชุฉ",0,0,12/22/2025
"@ุนูุฑุนุจุฏุงููุญุณู-ุซ8ุท","โโช<a href=""https://www.youtube.com/watch?v=N5ZeSKCmous&amp;t=1264"">21:04</a>โฌโ Gemini",1,0,12/22/2025
"@mohamedmogahed3584","<a href=""https://www.youtube.com/watch?v=N5ZeSKCmous&amp;t=155"">2:35</a> ูุง ุชูุงุทุนุด ุจุณ",0,0,12/22/2025
"@AliBalhas-bj1tq","ChatGPT",0,0,12/22/2025
"@automojii5229","Gemini ๐",0,0,12/21/2025
"@baraazidan4946","ุจูุงุก ุนูู ุงูุณุคุงู ุงูุงุฎูุฑ ุงูุถู ูููุฐุฌ ุงุณุชุฎุฏููู manus   - genspark",0,0,12/21/2025
"@goorgoorgood2012","๐",0,0,12/21/2025
"@m.bachirlghali1868","ุงููู ูููุฑ ุนูููู.  ุฏุงุฆูุง ูุชููุฒูู.",0,0,12/21/2025
"@kaain-fdaae","ุงุธู ุงู ูุชููู ุงูุงุนูุงูุงุช ููุฌูุฉ ุจุดูู ุฃูุจุฑ .. ูุฏุง ููุฃุฏู ุฅูู ุงุฑุชูุงุน ุงูุฃุณุนุงุฑ ูุงุฎุชูุงุก ุทุจูุฉ ุฌุฏูุฏุฉ ูููู ุญูู ุงูุนุงูู ูุด ุนูู ูุณุชูู ุงูุฏูู ุนูู ูุณุชูู ุงูุนุงูู .. ุฅููุง ุงูุง ุงุณุชุจุนุฏ ุงูููุงุฑ ุงูุดุฑูุฉ ุจูุณุจุฉ ูุจูุฑุฉ ูุงู ูุนูุง ููุนุฑู ูุฌูุจ ุงููููุณ ุงูู ุงูุตุฑูุช ุฃุถุนุงู",0,0,12/21/2025
"@zako-d7e","ุงุฎู ุงุดุฑู ุฌุฒุงู ุงููู ูู ุฎูุฑ ูุฑูุฏ ุญููุฉ ุนู ุซุฑูุงุช ุงูุทุจูุนูุฉ ุจุญุฑูุฉ ูููุงุจุงู - ูุซู ุฌุฒูุฑุฉ ูููุงููุชูุฑูุดูุง ุงูุชู ุชุญุชูู ุญููู ูุซููุฉ ูู ูุนุงุฏู ูุงุฏุฑุฉ - ุทูู ูุงุฏุฑ ูุนููุฏุงุช ููุบููุฒ ูุฌุจู ุชุงููุจู 3 ุงูุบูู ุจูุดูุฑ ููุจุงูุช ููููู ูููุฏุฑุงุช ุง ูููุซุงู ูุซุฑูุงุช ููุท ูุบุงุฒ ูู ููุทูุฉ ุชุนุฏูู 7 ุฌููุจ ุบุฑุจ ูููุดู ู ูุฏุงุฎู ุญุฑุงุฑูุฉ ูู ููุงู ุงููููุงูุง ุงูุชู ุชูุชุฌ ุฐูุจ ููุถุฉ ูุฑุตุงุต ูุญุฏูุฏ   - ุงููุงุจุงู ุชุชุญูู ูุฏููุฉ ุบููุฉ ุจูููุงุฑุฏ ุจุนุฏ ุงู ูุงููุช ูููุฑุฉ <br>ูุฑูุฏ ุญููุฉ ููุตูุฉ ุฌุฒุงู ุงููู ูู ุฎูุฑ",0,0,12/21/2025
"@Hope_369-m","ูุง ุฑุจ ูู ุฃุนุตูู ุงุณุชุฎูุงู ุจู ุ ู ุฅููุง ุบูุจุชูู ููุณู ุ ุฃุณุชุบูุฑ ุงููู ุงูุนุธูู ุงูุฐู ูุง ุฅูู ุฅูุง ูู ุงูุญู ุงููููู ู ุฃุชูุจ ุฅููู ๐ข",1,0,12/21/2025
"@zako-d7e","ุงุฎู ุงุดุฑู ุฌุฒุงู ุงููู ูู ุฎูุฑ ูุฑูุฏ ุญููุฉ ุนู ุซุฑูุงุช ุงูุทุจูุนูุฉ ุจุญุฑูุฉ ูููุงุจุงู - ูุซู ุฌุฒูุฑุฉ ูููุงููุชูุฑูุดูุง ุงูุชู ุชุญุชูู ุญููู ูุซููุฉ ูู ูุนุงุฏู ูุงุฏุฑุฉ - ุทูู ูุงุฏุฑ ูุนููุฏุงุช ููุบููุฒ ูุฌุจู ุชุงููุจู 3 ุงูุบูู ุจูุดูุฑ ููุจุงูุช ููููู ูููุฏุฑุงุช ุง ูููุซุงู ูุซุฑูุงุช ููุท ูุบุงุฒ ูู ููุทูุฉ ุชุนุฏูู 7 ุฌููุจ ุบุฑุจ ูููุดู ู ูุฏุงุฎู ุญุฑุงุฑูุฉ ูู ููุงู ุงููููุงูุง ุงูุชู ุชูุชุฌ ุฐูุจ ููุถุฉ ูุฑุตุงุต ูุญุฏูุฏ   - ุงููุงุจุงู ุชุชุญูู ูุฏููุฉ ุบููุฉ ุจูููุงุฑุฏ ุจุนุฏ ุงู ูุงููุช ูููุฑุฉ <br>ูุฑูุฏ ุญููุฉ ููุตูุฉ ุฌุฒุงู ุงููู ูู ุฎูุฑ",0,0,12/21/2025
"@HAKI-AT","ููุงุนุฉ ูููู ูู ุชููุฌุฑ",0,0,12/21/2025
"@HBen1","ุชููุณ ุ ูุงู ุซูู ุงูุฑุงูุงุช ุงุฑุชูุน ููู ุ ูุด ุนุดุงู ุงูุฐูุงุก ุงูุตูุงุนู ุ",0,0,12/21/2025
"@ุณุงูููููุฑ-ุฑ1ุบ","ูุงููู  ุงูุนุธูู ุฌุฒุงู ุงููู ุฎูุฑ ูุงูู ุฎูุฑ<br>ุงูุถุญุช ููุง ูุซูุฑ ูุซูุฑ ูู ุงูุฃููุฑ <br>ูุงููุชุบูุฑุงุช ุนูู ูุฏุงุฑ ุงูุณุงุนุฉ<br>ูุฃู ( ุงููุตุฑู)  ูู ุฌูุฏุช ุงูุฑุฆูุณ ุงูุณุงุจู ูุดุฑูุฉ ูููู ุงูุณ<br>ุทุงูุน ุจููุง ุตููุฉ<br>ูุดุงูู ุญููุฉ ุนูู ุณุงูููู ุงูุชูุช<br>ุนุงูู ูููุง ุงูู ูููู ุดุฑูุฉ ุงูุณุงููุฉ ูุงูููุถูุน ููู .... ุงูู open ai ุณุญุจุช ุงูุจุณุงุท ูู ุชุญุช ูููู ููุญุฑู ุจุญุซ<br>ูุงูููุถูุน ููู ุชูุงูุณ ุฑุฃุณ ูุงูู ูุจูุญ<br>ูุงุชููู ุงูููุงุฑ ูุฐุง ุงููุทุงุน ูุฏุนู ูุซูุฑ ูู ุดุฑูุงุชู ูู ูุชู ูุชุดุฑูุฏ ูุฅุจุงุฏุฉ ุงูููุง ูู ุบุฒุฉ<br>ุงุชููุน ุชุฏุฎู ุงูุญูููุฉ ุงูุฃูุฑูููุฉ ูุงููุงุฐ open ai ูุชุฑุงุฌุน ูุทุงุน ุงูุฐูุงุก ุงูุงุตุทูุงุนู ูู ุนูููุฉ ุงูุงุณุชุซูุงุฑ ุงูู ูุถุน ุทุจูุนู",1,0,12/21/2025
"@g33n","ุงูุธุงูุฑ ุงูู ุณุงู ุงูุชูุงู ูุฑุฃ ูุชุงุจ ุงูุงุจ ุงูุบูู ู ุงูุงุจ ุงููููุฑ ๐",2,0,12/21/2025
"@Freedoomzebra","ุงุฏุนููู ุงููู ููู ุนููู ูุงุณุฏุฏ ุฏูููู ูุงููู ุณูุงุฑู ุงุจ ุงุณุฑู ูุนุณุฑ โค๏ธโค๏ธ๐๐ูุง ุงุฑูุฏ ูุงู ุงุฑูุฏ ุฏุนูู ุตุงุฏูู ุงู ุดุงุกุงููู ูุณุชุฌุงุจู.... ูู ุงููููุช",0,0,12/21/2025
"@lifeeng.5774","ุฌุฑุจุช ุชูุฑูุจุง ุงูุซุฑ ููุงุฐุฌ ุงูุฐูุงุก ุงูุงุตุทูุงุนู ุดูุฑู... ุฌููุนูุง ูููุณู ุนูุฏูุง ูููู ุงูุญุฏูุซ ุญูู ุงุดูุงุก ุณุทุญูุฉ ุงู ุชุตุญูุญ ุงููุบุฉ ุงูุงูุฌููุฒูุฉ.. ูููู ุจูุฌุฑุฏ ูุง ุชุฏุฎู ูุนุงู ูู ููุถูุน ุนููู ุนูููุ ุชููุงู ูุฎุจุต",0,1,12/21/2025
"@ุณููุงู-ู7ู","Deepseek ุงุณุชุฎุฏูู ูุงุนุชุจุฑู ุงูุฃูุถู",0,0,12/21/2025
"@FarajAlbakuri","ุญุชุณูุจูุง ููุตูุฑูุง ููู ุชุฏุนููุง",0,0,12/21/2025
"@olaelgaddar4912","ุฏ. ุงุดุฑูุ ุงูุง ูุณุชุฎุฏูู ูุฏููู ู chatGPT ุจูู ุงูููุงุฐุฌ ุจุชุงุนุชู ููุฏุฑุช ุงูุตู ููุนุงุฏูู ุงูุฏุฑ ุขุฎุฏ ููู ุงูุจุฑ ุงุณุชูุงุฏู ูุจุนุฏ ูุงุชูุฑุฌุช ุนูู ุงูุญููู ุจุชุงุนุชู ุงุฏูุช ูุฑุตุฉ ู Gemini ุจุณ ูุถู ูุฌุงูุจ ุบูุท ุนู ุณุคุงู ุจุณูุท ุนู ุงุณู ููุฏู ููุฏูู ูู ุงู YouTube ุญูุงูู ูฆ ูุฑุงุช! ูุงูุง ุงูู ูููุชูู ุงูุงุฌุงุจู ุฑุบู ุงู ุงูููุฑูุถ ุงูููุฏูููุงุช ุจุดูู ุนุงู ูุงู You tube ุจุดูู ุฎุงุต ุฏูู ููุทุฉ ููุชู! ูุด ูุชุงูุฏู ุงุฐุง ูุงู ูู ูุนูุง ุงูุงุฎุชูุงุฑ ุงูุงูุถู ููุง ูุง",0,0,12/21/2025
"@ูุญูุฏุงุญูุฏ-ุญ8ุญ1ุญ","ุฃูุง ุดุฎุตูุง ุงุณุชุฎุฏู ุฏูุจ ุณูู",0,0,12/21/2025
"@marwamustafa5329","ุญููุฉ ุนุธููุฉ.. ุชุณูู ุงูุฏูููู",0,0,12/21/2025
"@ELYOUTUBEUR23","ุชุญูุฉ ุฎุงูุตุฉ ูุฃูุทุงุจ ุงููุนุณูุฑ ุงูุดุฑูู ๐ช๐ฌ๐ต๐ฐ๐ฉ๐ฟ๐ธ๐ฆ๐ฎ๐ท๐ฐ๐ต๐ท๐บ๐จ๐ณ๐ <a href=""https://www.youtube.com/watch?v=N5ZeSKCmous&amp;t=27"">0:27</a>",1,0,12/21/2025
"@Sammy-o6f8i","Zero risk for all involved as tax write-offs!!!!",0,0,12/21/2025
"@Mbo8u","ุจุงูุชูููู ููุฌููุน ๐",0,0,12/21/2025
"@umomarf518","ุจุงูุชูููู ุฏุงุฆูุง",0,0,12/21/2025
"@Mohamedalardy1","ุงููุง ุจููุงุนุฉ ุงูุฐูุงุก ุงูุงุตุทูุงุนู",0,0,12/21/2025
"@yesripfadul8548","ูู ุชุฑุงูุจ ููุฌูุฏ ุงูุญูููุฉ ุงูุงูุฑูููุฉ ุณูู ุชุชุฏุฎู",0,0,12/21/2025
"@mohameddawy7337","๐",0,0,12/21/2025
"@yassen4iq","ุงูุง ุงุณุชุฎุฏู chat gpt ู ุฐูุงุก ุงุตุทูุงุนู <br>ู ุงุชุงุจุน ุงููุฎุจุฑ ุงูุงูุชุตุงุฏู ู ุฐูุงุก ุญูููู โค",3,0,12/21/2025
"@guellitahar8784","ุงูููุงุฑูุฉ ูู ุฃู OpenAI ุชุฑูุฏ ุตุฑู ูุจุงูุบ &quot;ููููุฉ&quot; ุงูุขู ูุชูููู &quot;ุงูุชูููุฉ ุงูุชุดุบูููุฉ&quot; ูุงุญูุงู. ูู ูุฑูุฏูู ุงูุงูุชูุงู ูู ูุฑุญูุฉ &quot;ุงูุฐูุงุก ุงูุงุตุทูุงุนู ูุฑูุงููุฉ ุบุงููุฉ&quot; ุฅูู ูุฑุญูุฉ &quot;ุงูุฐูุงุก ุงูุงุตุทูุงุนู ูุฎุฏูุฉ ุฃุณุงุณูุฉ ุฑุฎูุตุฉ ูุซู ุงููุงุก ูุงูููุฑุจุงุก",0,0,12/21/2025
"@guellitahar8784","โ1. ุชุญููู ุงูุฐูุงุก ุงูุงุตุทูุงุนู ุฅูู &quot;ุณูุนุฉ ุนุงูุฉ&quot; (ูุซู ุงูููุฑุจุงุก)<br>โุญุงููุงูุ ุชุนุชุจุฑ ุชูููุฉ &quot;ุงูุชูููุฑ&quot; (Inference) ุบุงููุฉ ุฌุฏุงู. ุนูุฏูุง ุชุณุฃู ChatGPT ุณุคุงูุงูุ ูุฅู ุฐูู ูููู ุงูุดุฑูุฉ ูุจูุบุงู ูู ุงููุงู ููุงุจู ุงูุทุงูุฉ ูุงูุญูุณุจุฉ.<br>โุงููุฏู ูู ุงูุงุณุชุซูุงุฑ: ุจูุงุก ุจููุฉ ุชุญุชูุฉ ูุงุฆูุฉ ุณูุคุฏู ุฅูู &quot;ููุฑุฉ&quot; ูู ุงููุนุงูุฌุงุช. ูุนูุฏูุง ุชุชููุฑ ุงููุนุงูุฌุงุช ุจูุซุฑุฉุ ุชูุฎูุถ ุชูููุฉ ุชุดุบูู ุงูุฐูุงุก ุงูุงุตุทูุงุนู ุจุดูู ุญุงุฏ.<br>โุงููุชูุฌุฉ ุจุงููุณุจุฉ ูู: ูุฏ ุชุตุจุญ ุงููุณุฎ ุงููุชูุฏูุฉ ุฌุฏุงู (ุงูุชู ูุฏูุน ููุง ุงุดุชุฑุงูุงู ุงูุขู ูุซู GPT-4) ูุฌุงููุฉ ุจุงููุงููุ ุฃู ูุฏ ุชูุฎูุถ ุฃุณุนุงุฑ ุงูุงุดุชุฑุงูุงุช ุจุดูู ูุจูุฑ.<br>โ2. ุฏูุฌ ุงูุฐูุงุก ุงูุงุตุทูุงุนู ูู ูู ุฌูุงุฒ (ุจุฏูู ุฅูุชุฑูุช ุฃุญูุงูุงู)<br>โุฅุฐุง ูุฌุญุช ูุฐู ุงูุงุณุชุซูุงุฑุงุช ูู ุชุทููุฑ ุฑูุงุฆู ุฃุตุบุฑ ูุฃููู ูุฃูู ุงุณุชููุงูุงู ููุทุงูุฉ:<br>โุณุชุจุฏุฃ ุจุฑุคูุฉ ุงูุฐูุงุก ุงูุงุตุทูุงุนู &quot;ุงูุญูููู&quot; ูุนูู ุฏุงุฎู ูุงุชููุ ุซูุงุฌุชูุ ูุณุงุนุชู ุฏูู ุงูุญุงุฌุฉ ููุงุชุตุงู ุจุฎูุงุฏู ุงูุดุฑูุฉ.<br>โูู ุชุถุทุฑ ูุฏูุน ูุจุงูุบ ุฅุถุงููุฉ ูุงุณุชุฎุฏุงู ุงูููุฒุงุช ุงูุฐููุฉ ูู ุชุทุจููุงุชู ุงูููุถูุฉุ ูุฃู ุชูููุฉ ุชุดุบูููุง ุณุชููู ุถุฆููุฉ ุฌุฏุงู ุนูู ุงูุดุฑูุงุช.<br>โ3. ุงููุฌุงุฑ ูู ุฌูุฏุฉ ุงูุฎุฏูุงุช ุงููุฌุงููุฉ<br>โูุน ูุฌูุฏ ุจููุฉ ุชุญุชูุฉ ุจู 1.4 ุชุฑููููู ุฏููุงุฑุ ุณุชุชููู ุงูุดุฑูุงุช ูู ุชุฏุฑูุจ ููุงุฐุฌ ุฃูุจุฑ ุจุขูุงู ุงููุฑุงุช ููุง ูุฑุงู ุงูุขู.<br>โุงูุฎุฏูุฉ ุงูุชู ุชุญุตู ุนูููุง ูุฌุงูุงู ูู ุงููุณุชูุจู ุณุชููู ุฃููู ุจูุฆุงุช ุงููุฑุงุช ูู ุงูุฎุฏูุฉ ุงููุฏููุนุฉ ุงูุชู ูุณุชุฎุฏููุง ุงูููู.<br>โ4. &quot;ูููุงุก ุงูุฐูุงุก ุงูุงุตุทูุงุนู&quot; (AI Agents)<br>โุงูุงุณุชุซูุงุฑ ุงูุถุฎู ุณูุชูุญ ููุดุฑูุงุช ุชุดุบูู &quot;ูููุงุก&quot; ูููููู ุจููุงู ูุนูุฏุฉ ุจุฏูุงู ููู (ูุซู ุญุฌุฒ ุฑุญูุฉ ูุงููุฉุ ุฅุฏุงุฑุฉ ุญุณุงุจุงุชู ุงูุจูููุฉุ ุฃู ูุชุงุจุฉ ุจุฑูุฌูุงุช ูุงููุฉ).<br>โุจุฏูุงู ูู ุฏูุน &quot;ุงุดุชุฑุงู ุดูุฑู&quot; ููุฏุฑุฏุดุฉุ ูุฏ ููุชูู ุฅูู ูููุฐุฌ &quot;ุงูุฏูุน ููุงุจู ุงููููุฉ&quot;ุ ูุจุณุจุจ ุงูุจููุฉ ุงูุชุญุชูุฉ ุงูุถุฎูุฉุ ุณุชููู ุชูููุฉ ุชูููุฐ ุงููููุฉ ุงููุงุญุฏุฉ (ุณูุชุงุช ููููุฉ).",0,0,12/21/2025
"@guellitahar8784","โ1. ุงูุงุณุชุซูุงุฑ ูู &quot;ุงููุตูุน&quot; ูููุณ ููุท &quot;ุงูููุชุฌ&quot;<br>โุฅูุฑุงุฏุงุช ุงูู 13 ูููุงุฑ ุฏููุงุฑ ุชุฃุชู ูู ุงุดุชุฑุงูุงุช ุงูุฃูุฑุงุฏ ูุงูุดุฑูุงุช ูู ChatGPT. ุฃูุง ุงูุชุฑูููููุงุช ุงููุทููุจุฉ ููู ููุณุช ูุชูููู ุนูููุงุช ุงูุดุฑูุฉ ุงูููููุฉุ ุจู ูุจูุงุก ุจููุฉ ุชุญุชูุฉ ุนุงูููุฉ:<br>โูุตุงูุน ุงูุฑูุงุฆู (Fabs): ุจูุงุก ูุตูุน ูุงุญุฏ ูุชุทูุฑ ููุฑูุงุฆู (ูุซู ูุตุงูุน TSMC) ูุชููู ูุญุฏู ุญูุงูู 20-30 ูููุงุฑ ุฏููุงุฑ.<br>โูุฑุงูุฒ ุงูุจูุงูุงุช ูุงูุทุงูุฉ: ุงูุฐูุงุก ุงูุงุตุทูุงุนู ูุญุชุงุฌ ูุขูุงู ุงููุฒุงุฑุน ูู ุฃุฌูุฒุฉ ุงูููุจููุชุฑ ุงูุนููุงูุฉ ููููุงุช ููููุฉ ูู ุงูููุฑุจุงุกุ ููู ูุง ูุชุฌุงูุฒ ูุฏุฑุฉ ุฃู ุดุฑูุฉ ูููุฑุฏุฉ ุญุงููุงู.<br>โ2. ุงูุชุฎูุต ูู &quot;ุนูู ุงูุฒุฌุงุฌุฉ&quot; (Nvidia)<br>โุญุงููุงูุ ุชุนุชูุฏ OpenAI ููู ุดุฑูุงุช ุงูุชูููููุฌูุง ุนูู ุดุฑูุฉ Nvidia ููุญุตูู ุนูู ุงูุฑูุงุฆู. ููุงู ููุต ุญุงุฏ ูู ุงููุนุงูุฌุงุชุ ูุฃุณุนุงุฑูุง ููููุฉ. ุฃูุชูุงู ูุฑู ุฃู ุงูุฐูุงุก ุงูุงุตุทูุงุนู ูู ูุชุทูุฑ ุจุงูุณุฑุนุฉ ุงููุทููุจุฉ ูุง ูู ููู ููุงู ููุฑุฉ ูุงุฆูุฉ ูู ุงูุฑูุงุฆูุ ููุชุญููู ุฐูู ูุฌุจ ุถุฎ ุงุณุชุซูุงุฑุงุช ุชุบูุฑ ุดูู ุงูุตูุงุนุฉ ุจุงููุงูู ูุฎูุถ ุงูุชูููุฉ ูุณุชูุจูุงู.<br>โ3. ุงูุฑูุงู ุนูู &quot;ุงูุฐูุงุก ุงูุงุตุทูุงุนู ุงูุนุงู&quot; (AGI)<br>โุงูุดุฑูุฉ ูุง ุชุฎุทุท ุจูุงุกู ุนูู ูุถุนูุง ุงูุญุงููุ ุจู ุจูุงุกู ุนูู ุฑุคูุชูุง ูููุณุชูุจู:<br>โูุนุชูุฏ ุฃูุชูุงู ุฃู ุงููุตูู ููุฐูุงุก ุงูุงุตุทูุงุนู ุงูุนุงู (ุงูุฐู ูููู ูุฏุฑุงุช ุงูุจุดุฑ) ุณูุฎูู ุงูุชุตุงุฏุงู ุฌุฏูุฏุงู ุชูุงูุงู ุชุชุฌุงูุฒ ูููุชู ุนุดุฑุงุช ุงูุชุฑูููููุงุช.<br>โูู ูุฌูุฉ ูุธุฑ ุงุณุชุซูุงุฑูุฉุ ูู ูุญุงูููู ุจูุงุก &quot;ุงูุนููุฏ ุงูููุฑู&quot; ููุงูุชุตุงุฏ ุงููุงุฏูุ ุชูุงูุงู ููุง ูุนูุช ุดุฑูุงุช ุงูุณูู ุงูุญุฏูุฏูุฉ ุฃู ุดุฑูุงุช ุงูููุท ูู ุงููุฑู ุงููุงุถู.<br>โ4. ุงูุชูููู ููุณ ูู ุฌูุจ ุงูุดุฑูุฉ<br>โูุฐู ุงูุชุฑูููููุงุช ูู ุชุฃุชู ูู ุฃุฑุจุงุญ OpenAIุ ุจู ูู:<br>โุตูุงุฏูู ุณูุงุฏูุฉ (ูุซู ูุณุชุซูุฑูู ูู ุงูุฅูุงุฑุงุช ูุงููุงุจุงู).<br>โุดุฑุงูุงุช ูุน ุดุฑูุงุช ุนููุงูุฉ ูุซู ูุงููุฑูุณููุช.<br>โุฏููู ูุงุณุชุซูุงุฑุงุช ุทูููุฉ ุงูุฃูุฏ ูู ุญูููุงุช ุชุฑู ูู ุงูุฐูุงุก ุงูุงุตุทูุงุนู ูุถูุฉ ุฃูู ูููู ูุชููู ุงูุชุตุงุฏู.<br>โุจุงุฎุชุตุงุฑ: ุงููุฌูุฉ ุจูู ุงูู 13 ูููุงุฑ ูุงูู 1.4 ุชุฑููููู ูู ุงููุฑู ุจูู &quot;ุฏุฎู ูุญู ูุจูุน ุงูุฎุจุฒ&quot; ูุจูู &quot;ุชูููุฉ ุจูุงุก ูุฒุงุฑุน ููุญ ููุทุงุญู ูุดุจูุฉ ููู ูุฅุทุนุงู ุงููููุจ ุจุงููุงูู&quot;. ูู ูุฑุงูููู ุนูู ุฃู ูู ููุชูู ุงูุจููุฉ ุงูุชุญุชูุฉ ุณููุชูู ุงููุณุชูุจู.",0,0,12/21/2025
"@aymanalnager8779","โคโคโคโคโคโคโคโค",0,0,12/21/2025
"@963187163","ุจุฑุฃูู ูุงุดูุทู ุณุชุณุนู ูุฅููุงุฐ ุงูุฐูุงุก ุงูุฅุตุทูุงุนู ุงู AI ุจุฃู ุซูู ุชุญุณุจุง ูุฃู ูุงุฑุซู ุฅูุชุตุงุฏูู ูุฑุชุจุทู ุจู",0,0,12/21/2025
"@ahmedalameldien765","AI engineer here. best AI model depends heavily on your task/work. for programming (heavy coding), claude code &quot;Opus 4.5&quot; (Anthropic) is the best currently, but for debugging, reasoning, and finding very deep errors, Codex &quot;GPT 5.2 Xhigh&quot; (Chatgpt) is really good. for heavy reasoning and complex tasks in general, especially in the research domain, GhatGPT 5.2 Thinking is the best. if i spend 10 hrs daily working, i use claude code for 9 hours, and codex for just 1",0,0,12/21/2025
"@oualidaissaoui1569","ููุง ุชูุณู ุฃู ุฌูุฌู ู ุฃูุจู ุฅู ุขู ููุงููุง ุฏุนู ุงูุฌูุด ุงูุตููููู ุจุฎุฏูุงุช  ุฐูุงุก ุงุตุทูุงุนู ูุงุณุชูุฏุงู ุฅุฎูุชูุง ูู ุบุฒุฉ ุ ูุฐูู ููุงุทุน ูุงุฏุงู ููุงู ุจุฏูู",0,0,12/21/2025
"@DoctorMustafaSaad","ุงูุชูู ูุนุฏูู ุญุฑููุง ุจุงูููููุด",0,0,12/21/2025
"@ItayemHakeem","I think that Gemini 3 has already surpassed ChatGPT.",0,0,12/21/2025
"@samehnada4488","ูููุง ุงูุชุฒู ูุงุชูู ูุนูุงูุง ูู ุดุฎุต ูุง ุฐูุฑ ุงููู ุณุจุญุงูู ูุชุนุงูู ู ุตูู ุนูู ุฎุงุชู ุงูุฃูุจูุงุก ูุดููุน ุงูุฃูุฉ โคโค",0,0,12/21/2025
"@momenmahamed9478","ุงูุง ุดุงูู ุงู ุณุงู ุงููุชูู ูู ุงุดุทุฑ ูุตุงุจ ูุด ุงุดุทุฑ ุจูุงุน๐",0,0,12/21/2025
"@ุนุจุฏุงูุฑุญููุงูุนููุฑู-ู3ู","๐",0,0,12/21/2025
"@ุงูุฃุณุฏุงูุฃุจูุถ-ุจ4ู","ุงูููู ุตู ูุณูู ูุจุงุฑู ุนูู ุณูุฏูุง ูุญูุฏ ูุนูู ุขูู ูุฃุฒูุงุฌู ูุฐุฑูุชู ูุณูู ุชุณูููุง ูุซูุฑุง",0,0,12/21/2025
"@ุงูุฃุณุฏุงูุฃุจูุถ-ุจ4ู","ุณุจุญุงู ุงููู ูุงูุญูุฏ ููู ููุง ุงูู ุฅูุง ุงููู ูุงููู ุฃูุจุฑ",0,0,12/21/2025
"@ุงูุฃุณุฏุงูุฃุจูุถ-ุจ4ู","ุณุจุญุงู ุงููู ุงูุนุธูู ูุจุญูุฏู",0,0,12/21/2025